SKU,Name,AroniumPrice,AppPrice,AroniumTax,AppTax,AroniumStock,AppStock,Status,Diff
10110,Dimethoate 100mls,2.50,2.50,15.5,15.5,0.0,5.0,OK,
10111,Dishwasher 750mls,1.00,1.00,15.5,15.5,0.0,0.0,OK,
10112,Dishwasher 2litres,2.50,2.50,15.5,15.5,0.0,0.0,OK,
10113,Disnis 500mls,10.00,10.00,0,0,0.0,0.0,OK,
10118,Dry Sow & Boar Maxi pack 20kg,32.00,32.00,0,0,0.0,0.0,OK,
10119,Dry Sow & Boar Maxi pack 5kg,9.00,9.00,0,0,0.0,6.0,OK,
10120,Dyﬂy 250g,6.50,6.50,0,0,0.0,0.0,OK,
10130,Esb3 25g,4.00,4.00,0,0,0.0,0.0,OK,
10131,Estrumate 20mls,42.00,42.00,0,0,0.0,0.0,OK,
10132,Exit Wound Remedy 100mls,5.50,5.50,0,0,0.0,24.0,OK,
10133,Eye Ointment 5g,4.00,4.00,0,0,0.0,0.0,OK,
10135,Farmchem 5litres,24.00,24.00,0,0,0.0,0.0,OK,
10136,Farmchem 500mls,6.00,6.00,0,0,0.0,0.0,OK,
10137,Feedscoop,5.00,5.00,15.5,15.5,0.0,0.0,OK,
10138,Fivox 10% 100mls,4.00,4.00,0,0,0.0,0.0,OK,
10139,Fivox 20% 100mls,6.50,6.50,0,0,0.0,0.0,OK,
10140,Flaveco 400g,3.50,3.50,0,0,0.0,54.0,OK,
10142,Footbath,15.00,15.00,15.5,15.5,0.0,0.0,OK,
10143,Glucortin 50mls,6.00,6.00,0,0,0.0,0.0,OK,
10144,Guard rat killer 100g,3.50,3.50,0,0,0.0,0.0,OK,
10145,Guard rat killer 50g,2.50,2.50,0,0,0.0,0.0,OK,
10121,Ear Notcher,17.00,17.00,15.5,15.5,0.0,23.0,OK,
10122,Eartaggs,0.50,0.50,15.5,15.5,0.0,3607.0,OK,
11243,Carrots Nantes 5g,4.00,4.00,15.5,15.5,0.0,0.0,OK,
10123,Eartagg Applicator,17.00,17.00,15.5,15.5,0.0,0.0,OK,
10124,Ecoterex 1kg,6.00,6.00,0,0,0.0,0.0,OK,
10125,Ecotet 6g,1.00,1.00,0,0,0.0,0.0,OK,
10146,Shova Gumshoes,10.00,10.00,15.5,15.5,0.0,0.0,OK,
10147,Hanging Scale 50kg,12.00,12.00,15.5,15.5,0.0,0.0,OK,
10002,Broiler Starter Maxi 7kg,16.00,16.00,0,0,0.0,7.0,OK,
10007,Broiler Grower meal 50kg,30.00,30.00,0,0,0.0,0.0,OK,
11377,Led bulb 40Watts,2.50,2.50,15.5,15.5,0.0,4.0,OK,
10010,CHICKEN FEEDER -10 KGS,8.00,8.00,15.5,15.5,0.0,0.0,OK,
10012,CHICKEN DRINKER -15 LITRES,10.00,10.00,15.5,15.5,0.0,1.0,OK,
10013,CHICKEN DRINKER -3 LITRES,3.00,3.00,15.5,15.5,0.0,73.0,OK,
10015,CHICKEN FEEDER -6 KGS,5.00,5.00,15.5,15.5,0.0,5.0,OK,
10016,CHICKEN DRINKER-6 LITRES,5.00,5.00,15.5,15.5,0.0,45.0,OK,
10018,Albendazole tablets,1.00,1.00,0,0,0.0,0.0,OK,
10025,Amino Grow 100g,4.50,4.50,0,0,0.0,0.0,OK,
10031,Ashiver 10mls,3.00,3.00,0,0,0.0,0.0,OK,
10043,Astrisul 25g,4.00,4.00,0,0,0.0,0.0,OK,
10049,Bimectin 250mls,30.00,30.00,0,0,0.0,0.0,OK,
10056,Bremamed 100g,13.00,13.00,0,0,0.0,0.0,OK,
10054,Blowing Infrared light,20.00,20.00,15.5,15.5,0.0,0.0,OK,
10057,Broiler Concentrate 25kg,23.00,23.00,0,0,0.0,0.0,OK,
10062,Broiler ﬁnisher pellets 50kg,33.00,33.00,0,0,0.0,0.0,OK,
10063,Broiler ﬁnisher pellets 5kg,5.00,5.00,0,0,0.0,40.0,OK,
10066,Broiler Grower pellets 10kg,10.00,10.00,0,0,0.0,35.0,OK,
10074,Buddizo small,50.00,50.00,15.5,15.5,0.0,0.0,OK,
10075,Bulb 5w,2.00,2.00,15.5,15.5,0.0,0.0,OK,
10077,Butachem 50mls,18.00,18.00,0,0,0.0,0.0,OK,
10080,Castrating rings,0.10,0.10,15.5,15.5,0.0,644.0,OK,
10081,Rubber Ring Applicator,13.00,13.00,15.5,15.5,0.0,7.0,OK,
10117,Dozing Gun Manual,35.00,35.00,15.5,15.5,0.0,0.0,OK,
10115,Doom 300mls,2.50,2.50,15.5,15.5,0.0,12.0,OK,
10126,EggTrays,0.15,0.15,15.5,15.5,0.0,400.0,OK,
10127,Electromix Ws 100g,2.50,2.50,0,0,0.0,0.0,OK,
10128,Enrocip 100mls,8.00,8.00,0,0,0.0,0.0,OK,
10129,Esb3 100g,15.00,15.00,0,0,0.0,0.0,OK,
10168,Intromin Vitamin Blocks 10kg,15.00,15.00,0,0,0.0,0.0,OK,
10169,Introvit E Selem 100mls,7.00,7.00,0,0,0.0,0.0,OK,
10170,Introvit B Complex 100mls,5.50,5.50,0,0,0.0,0.0,OK,
10260,Chikafu Grower ﬁnisher meal 50kg,27.00,27.00,0,0,0.0,0.0,OK,
10261,Chikafu starter crumbs 10kg,9.00,9.00,0,0,0.0,0.0,OK,
10262,Chikafu Starter Mash 50kg,28.50,28.50,0,0,0.0,0.0,OK,
10301,Thermometer min maxi,10.00,10.00,15.5,15.5,0.0,0.0,OK,
10408,Paraquat 1litre,12.00,12.00,0,0,0.0,0.0,OK,
10148,Hanging Scale 100kg,15.00,15.00,15.5,15.5,0.0,0.0,OK,
10149,Hanging Scale 150kg,18.00,18.00,15.5,15.5,0.0,0.0,OK,
10150,Hanging scale 200kg,20.00,20.00,15.5,15.5,0.0,0.0,OK,
10151,Happy Hound 300ml,8.00,8.00,15.5,15.5,0.0,0.0,OK,
10152,Hardbroom,5.00,5.00,15.5,15.5,0.0,0.0,OK,
10171,Ivermectin 50mls,8.00,8.00,0,0,0.0,0.0,OK,
10172,KNAPSACK SPRAYER -20 LITRES,20.00,20.00,15.5,15.5,0.0,0.0,OK,
10173,Knapsack Nozzle,3.00,3.00,15.5,15.5,0.0,65.0,OK,
10153,Bush Hay bales,4.00,4.00,0,0,0.0,30.0,OK,
10154,Hefrotrim 100mls,8.50,8.50,0,0,0.0,0.0,OK,
10155,Hitet 120 100mls,9.00,9.00,0,0,0.0,0.0,OK,
10156,Hitet 200 Satchets,5.00,5.00,0,0,0.0,0.0,OK,
10157,Hitet 300 100mls,20.00,20.00,0,0,0.0,0.0,OK,
10158,Hitet 200 100mls,15.00,15.00,0,0,0.0,0.0,OK,
10159,Hosepipe 25metres,27.00,27.00,15.5,15.5,0.0,0.0,OK,
10160,Infrared 250 Watts,5.00,5.00,15.5,15.5,0.0,0.0,OK,
10161,Stress pack innovet 100g,3.00,3.00,0,0,0.0,50.0,OK,
10162,Intermectin injection 100mls,10.00,10.00,0,0,0.0,0.0,OK,
10163,Intermectin Super 100mls,22.00,22.00,0,0,0.0,0.0,OK,
10164,Intertrim 100mls,10.00,10.00,0,0,0.0,12.0,OK,
10165,Intracox pump 100mls,15.00,15.00,0,0,0.0,10.0,OK,
10166,Intrafer 100 100mls,10.00,10.00,0,0,0.0,0.0,OK,
10174,KNAPSACK SPRAYER -16 LITRES,16.00,16.00,15.5,15.5,0.0,15.0,OK,
10175,Lactacting Maxi 28kg,42.00,42.00,0,0,0.0,5.0,OK,
10176,Lactacting maxi 7kg,12.00,12.00,0,0,0.0,4.0,OK,
10177,Lambda 200mls,3.50,3.50,0,0,0.0,25.0,OK,
10178,Infrared lampholder,1.00,1.00,15.5,15.5,0.0,0.0,OK,
10179,Layers Conce 25kg,17.50,17.50,0,0,0.0,0.0,OK,
10180,Layers Mash 25kgs,15.00,15.00,0,0,0.0,0.0,OK,
10181,Layers Concentrate 50kg,35.00,35.00,0,0,0.0,0.0,OK,
10182,Layers Mash 10kg,7.00,7.00,0,0,0.0,4.0,OK,
10184,Limestone 50kg,10.00,10.00,0,0,0.0,11.0,OK,
10185,Limstone 1kg for free,0.00,0.00,0,0,0.0,0.0,OK,
10186,Liquid parraﬁn 200mls,4.00,4.00,0,0,0.0,1.0,OK,
10187,Liquid Parraﬁn 500mls,6.00,6.00,0,0,0.0,0.0,OK,
10188,Limoxin 10% 100mls,7.00,7.00,0,0,0.0,0.0,OK,
10189,Maize Germ 30kg,8.00,8.00,0,0,0.0,0.0,OK,
10190,Maize Bran 25kg,6.00,6.00,0,0,0.0,224.0,OK,
10191,Malathion 5% 200g,3.00,3.00,0,0,0.0,0.0,OK,
10192,Master Knives,2.00,2.00,15.5,15.5,0.0,0.0,OK,
10193,Spirit 750mls,5.00,5.00,15.5,15.5,0.0,4.0,OK,
10194,Mhunga 40kg,18.00,18.00,0,0,0.0,190.0,OK,
10195,Pig milk replacer 3kg,17.00,17.00,0,0,0.0,0.0,OK,
10196,Calf Milk Replacer 3kg,17.00,17.00,0,0,0.0,8.0,OK,
10197,Molasses 10litres,9.00,9.00,0,0,0.0,15.0,OK,
10198,Molasses 5litres,5.00,5.00,0,0,0.0,24.0,OK,
10199,Intrafer 200 100mls,12.00,12.00,0,0,0.0,16.0,OK,
10200,Ivermectin 100mls,12.00,12.00,0,0,0.0,0.0,OK,
10201,Molasses 25litres,16.00,16.00,0,0,0.0,33.0,OK,
10202,Mouse lure trap Book,1.00,1.00,15.5,15.5,0.0,1.0,OK,
10203,Mutsvairo 1litre,15.00,15.00,0,0,0.0,0.0,OK,
10204,Nemovit 100g,8.00,8.00,0,0,0.0,42.0,OK,
10205,Nilzash Tablets,1.00,1.00,0,0,0.0,125.0,OK,
10206,Pig Nipple drinkers,2.50,2.50,15.5,15.5,0.0,0.0,OK,
10207,Nose Tong,20.00,20.00,15.5,15.5,0.0,6.0,OK,
10208,Nutravit 100g,5.00,5.00,0,0,0.0,0.0,OK,
10209,O Hinged Feeders Large,3.50,3.50,15.5,15.5,0.0,100.0,OK,
10210,O hinged Feeders Small,3.00,3.00,15.5,15.5,0.0,0.0,OK,
10211,OTC spray,12.00,12.00,0,0,0.0,0.0,OK,
10212,Oxytocin -20 100mls,8.00,8.00,0,0,0.0,0.0,OK,
10213,Oxytocin -10 50mls,6.50,6.50,0,0,0.0,0.0,OK,
10214,Padlocks,5.00,5.00,15.5,15.5,0.0,0.0,OK,
10215,Paragon 200mls,5.00,5.00,0,0,0.0,0.0,OK,
10216,Penstrep LA 100mls,12.00,12.00,0,0,0.0,3.0,OK,
10217,Phenylject 100mls,10.00,10.00,0,0,0.0,0.0,OK,
10218,Phillips infrared light,15.00,15.00,15.5,15.5,0.0,0.0,OK,
10219,Pig Boost 2kg,10.00,10.00,0,0,0.0,135.0,OK,
10220,Pig Creep 50kg Meal,32.00,32.00,0,0,0.0,8.0,OK,
10221,Pig Dry Sow & Boar meal 50kg,27.00,27.00,0,0,0.0,0.0,OK,
10222,Pig Finisher maxi 24 kg,41.00,41.00,0,0,0.0,10.0,OK,
10223,Pig Finisher Maxi 6kg,11.00,11.00,0,0,0.0,0.0,OK,
10226,Pig Grower conce 50kg,33.00,33.00,0,0,0.0,0.0,OK,
10227,Pig Grower/ﬁn meal 50kg,27.00,27.00,0,0,0.0,0.0,OK,
10230,Pig Lactacting conce 50kg,34.00,34.00,0,0,0.0,0.0,OK,
10231,Pig Lactacting sow meal 50kg,28.00,28.00,0,0,0.0,0.0,OK,
10232,Pig Sow & Boar conce 50kg,32.00,32.00,0,0,0.0,0.0,OK,
10233,Pig Weaner Meal 50kg,30.00,30.00,0,0,0.0,0.0,OK,
10234,Piglet boost 100mls,35.00,35.00,0,0,0.0,3.0,OK,
10235,Piperin 100g,5.00,5.00,0,0,0.0,0.0,OK,
10236,Piperin 1kg,35.00,35.00,0,0,0.0,0.0,OK,
10237,Medium Plastic Crates,6.00,6.00,15.5,15.5,0.0,1.0,OK,
10238,Plastic Needles,0.25,0.25,15.5,15.5,0.0,15.0,OK,
10239,Pocket Balance,5.00,5.00,15.5,15.5,0.0,0.0,OK,
10240,Avi - Tonic 100mls,3.00,3.00,0,0,0.0,0.0,OK,
10241,Procaben 100mls,10.00,10.00,0,0,0.0,0.0,OK,
10242,Prodose Blue,6.00,6.00,0,0,0.0,0.0,OK,
10243,Protein Block 20kg,22.00,22.00,0,0,0.0,0.0,OK,
10244,Rabbit Nipple drinkers,1.00,1.00,15.5,15.5,0.0,0.0,OK,
10245,Rabbit Pellets 10kg,9.00,9.00,0,0,0.0,0.0,OK,
10247,Rabbit Pellets 50kg,28.00,28.00,0,0,0.0,7.0,OK,
10249,Ranox 1litre,10.00,10.00,0,0,0.0,0.0,OK,
10250,Ratol 10g,3.00,3.00,0,0,0.0,120.0,OK,
10251,Razor Blades,1.00,1.00,15.5,15.5,0.0,0.0,OK,
10252,Respimint 100mls,6.00,6.00,0,0,0.0,40.0,OK,
10253,Chikafu Breeder conce 25kg,17.50,17.50,0,0,0.0,0.0,OK,
10254,Chikafu breeder conce 50kg,34.00,34.00,0,0,0.0,0.0,OK,
10255,Chikafu breeder Maxi pack 5kg,16.00,16.00,0,0,0.0,0.0,OK,
10256,Chikafu breeder meal 10kg,7.00,7.00,0,0,0.0,0.0,OK,
10257,Chikafu breeder meal 25kg,14.50,14.50,0,0,0.0,0.0,OK,
10258,Chikafu breeder meal 50kg,28.00,28.00,0,0,0.0,0.0,OK,
10259,Chikafu Grower ﬁnisher meal 25kg,15.00,15.00,0,0,0.0,0.0,OK,
10263,Chikafu Universal Conce 25kg,18.50,18.50,0,0,0.0,0.0,OK,
10224,Pig Grower Conce 10kg,8.00,8.00,0,0,0.0,25.0,OK,
10225,Pig grower conce 25kg,17.50,17.50,0,0,0.0,0.0,OK,
10264,Chikafu Grower meal 10kg,8.00,8.00,0,0,0.0,10.0,OK,
10265,Chikafu starter meal 10kg,8.00,8.00,0,0,0.0,0.0,OK,
10266,Chikafu Starter mash 25kg,15.00,15.00,0,0,0.0,0.0,OK,
10267,Chikafu universal conce 50kg,35.00,35.00,0,0,0.0,0.0,OK,
10268,Chikafu grower ﬁn maxi pack 5kg,9.00,9.00,0,0,0.0,0.0,OK,
10269,Rr starter starter crumbs 50kg,29.00,29.00,0,0,0.0,0.0,OK,
10270,Salt block,17.00,17.00,0,0,0.0,1195.0,OK,
10271,Cypermethrin Sentinel 500mls,8.00,8.00,0,0,0.0,0.0,OK,
10272,Sentinel Tick Grease 500g,7.00,7.00,0,0,0.0,0.0,OK,
10273,Spirit 100mls,1.00,1.00,15.5,15.5,0.0,9.0,OK,
10274,Spirit 200mls,2.00,2.00,15.5,15.5,0.0,15.0,OK,
10275,Coopers Spot on 200mls,10.00,10.00,0,0,0.0,0.0,OK,
10276,Steel needles,1.00,1.00,15.5,15.5,0.0,0.0,OK,
10277,Stressmix 100g,4.00,4.00,0,0,0.0,0.0,OK,
10278,Stressmix 1kg,30.00,30.00,0,0,0.0,0.0,OK,
10279,Sulphadimidine 500mls,13.00,13.00,0,0,0.0,0.0,OK,
10280,Sulphadimine 100mls,6.00,6.00,0,0,0.0,0.0,OK,
10281,Sunﬂower Cake 30kg,15.00,15.00,0,0,0.0,0.0,OK,
10282,Super layers Mash 50kg,28.50,28.50,0,0,0.0,0.0,OK,
10283,Super layers Maxi pack 20kg,55.00,55.00,0,0,0.0,0.0,OK,
10284,Super layers Maxi 5 kg,14.00,14.00,0,0,0.0,0.0,OK,
10285,Super Soya Meal 50kg,35.00,35.00,0,0,0.0,3.0,OK,
10286,Pessaries,6.50,6.50,0,0,0.0,18.0,OK,
10287,Paragon 500mls,10.00,10.00,0,0,0.0,0.0,OK,
10288,Hydrogen peroxide 500mls,10.00,10.00,0,0,0.0,0.0,OK,
10289,Swavet Eye powder 30g,8.00,8.00,0,0,0.0,0.0,OK,
10290,Syringe 5 to 20mls,0.25,0.25,15.5,15.5,0.0,633.0,OK,
10291,Systamex plus ﬂuke 200mls,8.00,8.00,0,0,0.0,0.0,OK,
10292,Systemex 200mls,6.00,6.00,0,0,0.0,0.0,OK,
10293,Tag pen,3.00,3.00,15.5,15.5,0.0,0.0,OK,
10294,Termite poison 5litres,3.50,3.50,0,0,0.0,0.0,OK,
10295,Terramycin 100mls,10.00,10.00,0,0,0.0,0.0,OK,
10296,Terranox 100g,5.00,5.00,0,0,0.0,20.0,OK,
10297,Terranox 1kg,35.00,35.00,0,0,0.0,0.0,OK,
10298,Terranox satchet 30g,3.00,3.00,0,0,0.0,75.0,OK,
10299,Terranox Wound Powder 30g,6.50,6.50,0,0,0.0,0.0,OK,
10300,Thermometer clock,12.00,12.00,15.5,15.5,0.0,0.0,OK,
10302,Tick buster 100mls,6.50,6.50,0,0,0.0,0.0,OK,
10303,Tick buster 500mls,19.00,19.00,0,0,0.0,0.0,OK,
10304,Tooth cutter,13.00,13.00,15.5,15.5,0.0,4.0,OK,
10305,Tribal 62g,10.00,10.00,0,0,0.0,0.0,OK,
10306,Vitamins & Electrolytes 100g,3.00,3.00,0,0,0.0,0.0,OK,
10307,Virucide 1litre,9.00,9.00,0,0,0.0,48.0,OK,
10308,Vuricide 200mls,3.00,3.00,0,0,0.0,91.0,OK,
10309,Vuricide 5litres,24.00,24.00,0,0,0.0,10.0,OK,
10310,Weaner drinking plates 1litre,15.00,15.00,15.5,15.5,0.0,0.0,OK,
10311,Pig Weaner drinking plates 125mls,8.00,8.00,15.5,15.5,0.0,0.0,OK,
10312,Weaner drinking plates 250mls,12.00,12.00,0,0,0.0,0.0,OK,
10313,Weaner maxi pack 28kg,56.00,56.00,0,0,0.0,5.0,OK,
10314,Weaner maxi 7kg,15.00,15.00,0,0,0.0,0.0,OK,
10315,Weaner plates,1.00,1.00,15.5,15.5,0.0,111.0,OK,
10316,Pig Weighing belts(blue plastic),13.00,13.00,15.5,15.5,0.0,1.0,OK,
10317,Wheat Bran 25kg,6.00,6.00,0,0,0.0,0.0,OK,
10318,Wheat straw hay bales,5.00,5.00,0,0,0.0,16.0,OK,
10319,Zerokrim,0.80,0.80,0,0,0.0,260.0,OK,
10320,Ashoxy 20% 1kg,35.00,35.00,0,0,0.0,0.0,OK,
10321,Glyphosate-Fossil 1litre,8.00,8.00,0,0,0.0,0.0,OK,
10322,Layers Mash 50kg,26.50,26.50,0,0,0.0,0.0,OK,
10323,LIGHT BULB -18 WATT,10.00,10.00,15.5,15.5,0.0,0.0,OK,
10324,Champion Dog meal 10kg,12.50,12.50,15.5,15.5,0.0,0.0,OK,
10327,Beeﬀedlot 50kg,22.50,22.50,0,0,0.0,0.0,OK,
10328,Super layers Concentrate 50kg,35.00,35.00,0,0,0.0,0.0,OK,
10337,Shumba plus,2.50,2.50,0,0,0.0,0.0,OK,
10338,Venton Wound oil 100mls,6.00,6.00,0,0,0.0,0.0,OK,
10340,Doxin 100g,8.00,8.00,0,0,0.0,0.0,OK,
10343,Introchick 100mls,5.00,5.00,0,0,0.0,38.0,OK,
10349,Vurikill 250mls,7.00,7.00,0,0,0.0,0.0,OK,
10351,Limestone for free,0.00,0.00,0,0,0.0,0.0,OK,
10352,Huku Dust 200g,2.00,2.00,0,0,0.0,96.0,OK,
10353,Coopers Triatix Dip 5litres,115.00,115.00,0,0,0.0,0.0,OK,
10354,Large plastic crates,8.00,8.00,15.5,15.5,0.0,0.0,OK,
10357,Aquapure Tablets,2.00,2.00,0,0,0.0,0.0,OK,
10359,Amprocox 100g,8.00,8.00,0,0,0.0,0.0,OK,
10360,Ivermectin 20mls,5.00,5.00,0,0,0.0,0.0,OK,
10361,Ivermectin 10mls,3.50,3.50,0,0,0.0,0.0,OK,
10363,Supa Dip 5litres,160.00,160.00,0,0,0.0,0.0,OK,
10364,Soft Broom,6.00,6.00,15.5,15.5,0.0,14.0,OK,
10365,SPRAYER - 1 LITRE,2.00,2.00,15.5,15.5,0.0,0.0,OK,
10367,buddizzo large,90.00,90.00,15.5,15.5,0.0,0.0,OK,
10369,charcoal plastics,3.00,3.00,15.5,15.5,0.0,0.0,OK,
10370,chicken grit 3kg,2.50,2.50,0,0,0.0,1.0,OK,
10371,closavet 250mls,12.00,12.00,0,0,0.0,0.0,OK,
10372,Cut summer block 25kg/Game Block,20.00,20.00,0,0,0.0,0.0,OK,
10373,dairy milk 20 percent,24.00,24.00,0,0,0.0,0.0,OK,
10374,delta guard 80g,4.50,4.50,0,0,0.0,0.0,OK,
10375,digestible L 250mls,8.00,8.00,0,0,0.0,0.0,OK,
10376,Flat Feed Troughs Large,3.00,3.00,15.5,15.5,0.0,0.0,OK,
10377,Infrared power trust,5.00,5.00,15.5,15.5,0.0,0.0,OK,
10379,Maize Sheller,2.00,2.00,15.5,15.5,0.0,0.0,OK,
10380,Mbaura Large,10.00,10.00,15.5,15.5,0.0,0.0,OK,
10381,Mbaura Medium,8.00,8.00,15.5,15.5,0.0,5.0,OK,
10382,Mbaura Small,5.00,5.00,15.5,15.5,0.0,3.0,OK,
10384,Net Fly Traps,3.00,3.00,15.5,15.5,0.0,0.0,OK,
10385,Pipe Nipple Drinkers,1.00,1.00,15.5,15.5,0.0,0.0,OK,
10386,Plain buckets,3.00,3.00,15.5,15.5,0.0,0.0,OK,
10387,Plastic Needle 21g,0.25,0.25,15.5,15.5,0.0,0.0,OK,
10388,Pottasium Permangate,5.00,5.00,0,0,0.0,0.0,OK,
10389,Rabbit Pipe(Metres),2.00,2.00,15.5,15.5,0.0,0.0,OK,
10390,Red Knives,3.00,3.00,15.5,15.5,0.0,0.0,OK,
10391,Reskol,5.00,5.00,0,0,0.0,0.0,OK,
10393,Sakura 1Litre,12.00,12.00,0,0,0.0,0.0,OK,
10394,Systamex Plus Fluke 1000ml,20.00,20.00,0,0,0.0,0.0,OK,
10395,Valbazem for Cattle 200mls,6.50,6.50,0,0,0.0,0.0,OK,
10397,Vitol 140 - 100mls,9.00,9.00,0,0,0.0,4.0,OK,
10400,Ranox 500ml,10.00,10.00,0,0,0.0,0.0,OK,
10401,Sunﬂower Meal 30kg,18.00,18.00,0,0,0.0,0.0,OK,
10402,Super Rat Killer 300g,4.00,4.00,0,0,0.0,0.0,OK,
10403,Cypermethrin Sentinel 200mls,4.50,4.50,0,0,0.0,0.0,OK,
10404,Avi- Tonics 500ml,8.00,8.00,0,0,0.0,0.0,OK,
10405,Charcoal Saga,15.00,15.00,15.5,15.5,0.0,0.0,OK,
10409,Mhunga Bucket,13.00,13.00,15.5,15.5,0.0,0.0,OK,
10410,Mortein 300ml,3.00,3.00,15.5,15.5,0.0,0.0,OK,
10411,Rechargable Touch Light,25.00,25.00,15.5,15.5,0.0,0.0,OK,
10412,Doom 150mls,2.00,2.00,15.5,15.5,0.0,0.0,OK,
10413,Rain Coat,10.00,10.00,15.5,15.5,0.0,0.0,OK,
10414,Rainsuit,12.00,12.00,15.5,15.5,0.0,0.0,OK,
10415,Broiler Starter meal 10kg,10.00,10.00,0,0,0.0,0.0,OK,
10416,SPRAYER BOTTLE -2 LITRES,5.00,5.00,15.5,15.5,0.0,0.0,OK,
10417,Coopers Triatix 2 Litres,48.00,48.00,0,0,0.0,0.0,OK,
10418,Dimethoate 200ml,4.00,4.00,0,0,0.0,0.0,OK,
10419,DIMETHOATE 500MLS AGRICURA,7.00,7.00,0,0,0.0,0.0,OK,
10420,Handspray Farm Jet 2L,5.00,5.00,15.5,15.5,0.0,5.0,OK,
10421,Chikafu Starter Meal 5kg,5.00,5.00,0,0,0.0,0.0,OK,
10422,Chikafu Grower Meal 5kg,5.00,5.00,0,0,0.0,1.0,OK,
10423,Snake Repellent,9.00,9.00,0,0,0.0,0.0,OK,
10424,Rain Completive Suit,12.00,12.00,15.5,15.5,0.0,0.0,OK,
10425,Rain Reﬂective Suit,15.00,15.00,15.5,15.5,0.0,0.0,OK,
10426,Chick Grower Concentrate 50kg,35.00,35.00,0,0,0.0,0.0,OK,
10427,Umbrella,3.00,3.00,15.5,15.5,0.0,0.0,OK,
10428,Chikafu Starter Crumbs 50kg,30.00,30.00,0,0,0.0,0.0,OK,
10429,Carbaryl 85 200g (Agricura),3.00,3.00,0,0,0.0,0.0,OK,
10430,Vitafor,4.00,4.00,0,0,0.0,0.0,OK,
10431,Reusable Syringe 10ml,10.00,10.00,15.5,15.5,0.0,185.0,OK,
10432,Reusable Syringe 20mls,12.00,12.00,15.5,15.5,0.0,0.0,OK,
10434,Valbazem Sheep& Goat 500mls,12.00,12.00,0,0,0.0,0.0,OK,
10435,Intermectin Injection 50mls,6.00,6.00,0,0,0.0,0.0,OK,
10436,Benvet 500mls,12.00,12.00,0,0,0.0,0.0,OK,
10437,Benvet 1Litre,23.00,23.00,0,0,0.0,0.0,OK,
10438,Terramycin Spray 150ml,15.00,15.00,0,0,0.0,0.0,OK,
10439,Vaccine Coolerbox 7litres,10.00,10.00,15.5,15.5,0.0,0.0,OK,
10440,Butasal 100mls,10.00,10.00,0,0,0.0,0.0,OK,
10441,Intertocin 50mls,15.00,15.00,0,0,0.0,0.0,OK,
10442,Pig Grower Conce 5kg,6.00,6.00,0,0,0.0,85.0,OK,
10443,Vitol 450 100mls,22.00,22.00,0,0,0.0,0.0,OK,
10444,Bio-Odo-guard 500g,3.00,3.00,0,0,0.0,0.0,OK,
10445,Intertrim WS 480 (Satchet),9.00,9.00,0,0,0.0,0.0,OK,
10447,CHICKEN DRINKER -8 LITRES,7.00,7.00,15.5,15.5,0.0,0.0,OK,
10448,Capsulated lamb holder,2.00,2.00,15.5,15.5,0.0,0.0,OK,
10449,CHICKEN FEEDER -1 KG,1.50,1.50,15.5,15.5,0.0,1.0,OK,
10450,Digital Thermometer,2.00,2.00,15.5,15.5,0.0,5.0,OK,
10451,Chlorpyrifos 500ml,7.00,7.00,0,0,0.0,0.0,OK,
10452,Mancozeb 80WP (0.5KG),3.00,3.00,0,0,0.0,0.0,OK,
10453,Abamectin 1.8EC(0.1L),1.50,1.50,0,0,0.0,40.0,OK,
10454,Carbaryl 85wp(0.2kg) Fossil,4.00,4.00,0,0,0.0,0.0,OK,
10455,Nemesis 25mls,1.00,1.00,0,0,0.0,0.0,OK,
10456,Force Plus (0.5)L,10.50,10.50,0,0,0.0,0.0,OK,
10457,Force Plus(0.1L),2.60,2.60,15.5,15.5,0.0,0.0,OK,
10458,DIMETHOATE 500MLS- FOSSIL,7.00,7.00,0,0,0.0,0.0,OK,
10459,GP Gumshoes,12.00,12.00,15.5,15.5,0.0,0.0,OK,
10460,Wilbait 50g,3.00,3.00,15.5,15.5,0.0,7.0,OK,
10461,Ashboost 1kg,35.00,35.00,0,0,0.0,0.0,OK,
10462,Ashtyl 20%1kg,35.00,35.00,0,0,0.0,0.0,OK,
10463,Small Plastic Crates,3.50,3.50,15.5,15.5,0.0,0.0,OK,
10464,Valbazen for Goats 500mls,9.00,9.00,0,0,0.0,0.0,OK,
10465,Valbazen for Cattle 500mls,12.00,12.00,0,0,0.0,0.0,OK,
10466,Ranox 200mls,6.00,6.00,0,0,0.0,0.0,OK,
10467,Systamex 5litres,80.00,80.00,0,0,0.0,0.0,OK,
10468,Calvitam Egg 1Litre,15.00,15.00,0,0,0.0,0.0,OK,
10469,Further Duster,4.00,4.00,15.5,15.5,0.0,0.0,OK,
10472,Butacure 50mls,15.00,15.00,0,0,0.0,0.0,OK,
10473,Broiler Grower Pellets 5kg,5.00,5.00,0,0,0.0,35.0,OK,
10474,Multivitamin Injection 100mls,8.00,8.00,0,0,0.0,0.0,OK,
10475,SENTINEL POUR ON - 1 LITRE,13.00,13.00,0,0,0.0,0.0,OK,
10476,SENTINEL POUR ON 200MLS,4.50,4.50,0,0,0.0,0.0,OK,
10477,Rabbit Pellets 5kg,5.00,5.00,0,0,0.0,0.0,OK,
10478,Introchick 1Litre,20.00,20.00,0,0,0.0,0.0,OK,
10480,Vurikill 1litre,16.00,16.00,0,0,0.0,0.0,OK,
10481,Road runner feeder,6.00,6.00,15.5,15.5,0.0,0.0,OK,
10482,Goat Nut 50kg,25.00,25.00,0,0,0.0,0.0,OK,
10483,Broiler Grower Maxi 24kg,45.00,45.00,0,0,0.0,0.0,OK,
10484,SE Soya Meal 50kg,32.00,32.00,0,0,0.0,0.0,OK,
10485,Cut Winter Block 25kg,22.00,22.00,0,0,0.0,0.0,OK,
10486,Bremamectin 100mls,10.00,10.00,0,0,0.0,0.0,OK,
10487,Interﬂox Oral 100mls,6.50,6.50,0,0,0.0,0.0,OK,
10488,Tryponil 2.36g,0.50,0.50,0,0,0.0,50.0,OK,
10489,Limoxin 200 LA 100mls,10.00,10.00,0,0,0.0,0.0,OK,
10491,Wilbait 10g,2.00,2.00,0,0,0.0,0.0,OK,
10492,Oxyvet 100mls,8.00,8.00,0,0,0.0,0.0,OK,
10494,Farmers Handspray 1litre,3.50,3.50,15.5,15.5,0.0,0.0,OK,
10495,Oxytocin 20-50mls,8.00,8.00,0,0,0.0,0.0,OK,
10496,Astrisul 1kg,65.00,65.00,0,0,0.0,0.0,OK,
10497,Chamboko 200g,3.00,3.00,15.5,15.5,0.0,0.0,OK,
10498,Half Mhunga Bucket,5.00,5.00,15.5,15.5,0.0,0.0,OK,
10499,Mini Salt block,6.00,6.00,0,0,0.0,0.0,OK,
10500,Large Chick Tray,3.50,3.50,15.5,15.5,0.0,0.0,OK,
10501,Broiler ﬁnisher maxi 24kg,47.00,47.00,0,0,0.0,2.0,OK,
10502,Broiler Concentrate 10kg,12.00,12.00,0,0,0.0,0.0,OK,
10503,Cypermethrin Dog Rinse 200mls,5.50,5.50,15.5,15.5,0.0,0.0,OK,
10504,Disnis 200mls,4.50,4.50,0,0,0.0,14.0,OK,
10505,Duck Breeder Pellets 50kg,30.00,30.00,0,0,0.0,0.0,OK,
10507,Dog Chunks 40kg,63.00,63.00,15.5,15.5,0.0,0.0,OK,
10509,Dog meal 25kg,30.00,30.00,15.5,15.5,0.0,0.0,OK,
10510,Amino grow Oral 100mls,4.50,4.50,0,0,0.0,0.0,OK,
10511,Malathion 25% 200g,3.50,3.50,0,0,0.0,0.0,OK,
10512,Poultry Tonic 1Litre,33.00,33.00,0,0,0.0,0.0,OK,
10513,Poultry Tonic 500mls,25.00,25.00,0,0,0.0,0.0,OK,
10514,Bremamed 1kg,85.00,85.00,0,0,0.0,0.0,OK,
10515,Virukill 5litre,65.00,65.00,0,0,0.0,0.0,OK,
10516,Amino grow 1kg,30.00,30.00,0,0,0.0,0.0,OK,
10517,Chikwapuro 200g,3.00,3.00,0,0,0.0,0.0,OK,
10518,Infrared PE Man 250w,4.00,4.00,15.5,15.5,0.0,0.0,OK,
10520,Sucking Bottle,1.00,1.00,15.5,15.5,0.0,0.0,OK,
10522,Buddizzo Medium,70.00,70.00,15.5,15.5,0.0,8.0,OK,
10523,Chicken drinker-1litre,2.00,2.00,15.5,15.5,0.0,17.0,OK,
10524,Course salt 10KG,4.00,4.00,0,0,0.0,0.0,OK,
10525,Calvitam Egg 100mls,3.00,3.00,0,0,0.0,0.0,OK,
10526,Chikafu universal concentrate 10kg,8.00,8.00,0,0,0.0,0.0,OK,
10527,Aluminum Phosphate 90g,3.00,3.00,0,0,0.0,1.0,OK,
10528,Small Feeding Trough,2.00,2.00,15.5,15.5,0.0,0.0,OK,
10529,Virucide 500mls,5.00,5.00,0,0,0.0,88.0,OK,
10530,Respimint 200mls,9.00,9.00,0,0,0.0,0.0,OK,
10531,EMPTY WHITE PLAIN SACK,0.70,0.70,15.5,15.5,0.0,0.0,OK,
10532,EMPTY SUNRISE SACK,0.50,0.50,15.5,15.5,0.0,0.0,OK,
10534,Led BULB,1.00,1.00,15.5,15.5,0.0,0.0,OK,
10535,Cloxacillin Benzathine,6.00,6.00,0,0,0.0,3.0,OK,
10536,Closavet 500mls,20.00,20.00,0,0,0.0,0.0,OK,
10537,Ashtyl 20% 25g,2.00,2.00,0,0,0.0,0.0,OK,
10538,Coliﬂox 100mls,7.00,7.00,0,0,0.0,0.0,OK,
10539,Gas Brooder Heater,100.00,100.00,15.5,15.5,0.0,0.0,OK,
10540,Small Dog Belt,3.00,3.00,15.5,15.5,0.0,0.0,OK,
10541,Large Dog Belt,5.00,5.00,15.5,15.5,0.0,0.0,OK,
10542,Gas Tank Regulator,5.00,5.00,15.5,15.5,0.0,0.0,OK,
10543,Gas tank 5kg,25.00,25.00,15.5,15.5,0.0,0.0,OK,
10544,1 metre Gas Pipe,2.00,2.00,15.5,15.5,0.0,0.0,OK,
10545,Limestone 3kg,3.00,3.00,0,0,0.0,0.0,OK,
10546,Dog Rope,9.00,9.00,15.5,15.5,0.0,0.0,OK,
10547,Limestone 5kg,2.50,2.50,0,0,0.0,0.0,OK,
10548,BROILER STARTER CRUMBS 2KGS,2.00,2.00,0,0,0.0,50.0,OK,
10551,Imochem 50mls,0.00,0.00,0,0,0.0,0.0,OK,
10552,Aliseryl 30g,3.50,3.50,0,0,0.0,0.0,OK,
10558,Econodairy 17% 50kg,24.00,24.00,0,0,0.0,0.0,OK,
10559,Forge Knapsack sprayer,35.00,35.00,15.5,15.5,0.0,0.0,OK,
10561,Broiler Concentrate 5kg,6.00,6.00,0,0,0.0,30.0,OK,
10562,Poultry mixed grains 5kg,5.00,5.00,0,0,0.0,0.0,OK,
10563,Farmchem 250mls,4.00,4.00,15.5,15.5,0.0,0.0,OK,
10564,Chikafu Breeder Concentrate 10kg,8.00,8.00,0,0,0.0,0.0,OK,
10565,Chikafu Breeder Meal 5kg,4.00,4.00,0,0,0.0,0.0,OK,
10566,Broiler Grower pellets 2kg,2.00,2.00,0,0,0.0,25.0,OK,
10567,Broiler Finisher Pellets 2kg,2.00,2.00,0,0,0.0,0.0,OK,
10568,Rabbit Pellets 2kg,2.00,2.00,0,0,0.0,0.0,OK,
10570,Chikafu Universal Concentrate 5kg,4.00,4.00,0,0,0.0,5.0,OK,
10571,8 Holes Chicken Pipe nipple drinker,10.00,10.00,15.5,15.5,0.0,0.0,OK,
10572,Limestone 4kg,4.00,4.00,0,0,0.0,0.0,OK,
10573,Penstrep 100mls -SA,10.00,10.00,0,0,0.0,0.0,OK,
10574,Valbazem for Sheep& Goat 200mls,8.00,8.00,0,0,0.0,0.0,OK,
10575,Wooden Handle Knives,1.50,1.50,15.5,15.5,0.0,0.0,OK,
10576,Plastic Handle Knives,1.00,1.00,15.5,15.5,0.0,0.0,OK,
10577,Tick Buster 1L,35.00,35.00,0,0,0.0,0.0,OK,
10578,Wound Healing Spray 200mls,10.00,10.00,0,0,0.0,0.0,OK,
10579,Chick Grower Maxi-24kg,44.00,44.00,0,0,0.0,0.0,OK,
10580,Delta 300mls,0.25,0.25,15.5,15.5,0.0,0.0,OK,
10581,Delta PET 330MLS,0.75,0.75,15.5,15.5,0.0,0.0,OK,
10582,Minute Maid 400mls,1.00,1.00,15.5,15.5,0.0,0.0,OK,
10583,Mirinda 500mls,0.50,0.50,15.5,15.5,0.0,0.0,OK,
10584,Delta 1Litre,1.00,1.00,15.5,15.5,0.0,0.0,OK,
10585,Goat Meal 50kg,25.00,25.00,0,0,0.0,0.0,OK,
10586,Mbaura x large,12.00,12.00,15.5,15.5,0.0,0.0,OK,
10587,ASHOXY 50%,9.00,9.00,0,0,0.0,0.0,OK,
10588,INTRACLOCL QR TUBE,6.00,6.00,0,0,0.0,0.0,OK,
10589,Gas Tank 3kg,20.00,20.00,15.5,15.5,0.0,0.0,OK,
10590,Animal Bandage,5.00,5.00,15.5,15.5,0.0,0.0,OK,
10591,Nemesis 250mls,9.00,9.00,0,0,0.0,10.0,OK,
10592,Horse Clip,0.50,0.50,15.5,15.5,0.0,0.0,OK,
10593,Gas Lighter,3.00,3.00,15.5,15.5,0.0,0.0,OK,
10594,Goat Nut 10kg,6.00,6.00,0,0,0.0,0.0,OK,
10595,Goat Nut 5 kgs,3.00,3.00,0,0,0.0,0.0,OK,
10597,Weaner Feeding trough -medium,45.00,45.00,15.5,15.5,0.0,0.0,OK,
10598,Carbaryl 5% 375g,2.00,2.00,0,0,0.0,0.0,OK,
10599,Lava Dichlorvos 100mls,4.00,4.00,0,0,0.0,40.0,OK,
10600,Malathion EC 10MLS,0.50,0.50,0,0,0.0,0.0,OK,
10601,Vegi Dust 200g,3.50,3.50,15.5,15.5,0.0,0.0,OK,
10602,Super Layers Mash 10kg,8.00,8.00,0,0,0.0,0.0,OK,
10603,Chikafu Breeder Concentrate 5kg,4.00,4.00,0,0,0.0,0.0,OK,
10604,Beeﬀeedlot Premix 31kg,20.00,20.00,0,0,0.0,5.0,OK,
10605,Rodent Bait,20.00,20.00,15.5,15.5,0.0,0.0,OK,
10606,Dog Meal 5kg,6.50,6.50,15.5,15.5,0.0,0.0,OK,
10607,Sunﬂower 4kg,3.00,3.00,0,0,0.0,0.0,OK,
10608,Mhunga 5kg,5.00,5.00,0,0,0.0,0.0,OK,
10609,Sunﬂower seeds 1.5kg,1.00,1.00,0,0,0.0,0.0,OK,
10610,Broiler starter maxi 28kg,55.00,55.00,0,0,0.0,2.0,OK,
10611,Chicken Drinkers 2 litres,2.00,2.00,15.5,15.5,0.0,0.0,OK,
10612,Animal Teaser,45.00,45.00,15.5,15.5,0.0,0.0,OK,
10613,OKRA CLE 00 FP 50g,4.50,4.50,15.5,15.5,0.0,0.0,OK,
10614,OKRA CLE 020g,2.00,2.00,15.5,15.5,0.0,0.0,OK,
10615,OKRA CLE 100g,4.00,4.00,15.5,15.5,0.0,0.0,OK,
10616,WATERMELON CRIMSON 00FP 50g,5.00,5.00,15.5,15.5,0.0,0.0,OK,
10617,watermelon cri 020g,3.00,3.00,15.5,15.5,0.0,0.0,OK,
10618,cabbage -magesty 00FP,2.50,2.50,15.5,15.5,0.0,0.0,OK,
10619,cabbage magesty 1000 seeds,12.00,12.00,15.5,15.5,0.0,0.0,OK,
10620,Butternut 50g,7.00,7.00,15.5,15.5,0.0,0.0,OK,
10621,Butternut squash 020g,4.00,4.00,15.5,15.5,0.0,0.0,OK,
10622,Cuccumber POI FP,3.50,3.50,15.5,15.5,0.0,0.0,OK,
10623,Cuccumber Ashley 20g,3.00,3.00,15.5,15.5,0.0,0.0,OK,
10624,Tomato TEN 97FP 20g,10.00,10.00,15.5,15.5,0.0,0.0,OK,
10625,Tomato DAISY PRA 00FP 20g,2.50,2.50,15.5,15.5,0.0,0.0,OK,
10626,Pepper CAL Wonder FP 50g,10.00,10.00,15.5,15.5,0.0,0.0,OK,
10627,Pepper CAL Wonder 020g,5.00,5.00,15.5,15.5,0.0,0.0,OK,
10628,Rape RAM FP 50g,4.00,4.00,15.5,15.5,0.0,0.0,OK,
10629,Rape RAM 020g,2.50,2.50,15.5,15.5,0.0,0.0,OK,
10630,Tsunga MUS 00FP,1.50,1.50,15.5,15.5,0.0,0.0,OK,
10631,Tsunga MUS 020g,2.00,2.00,15.5,15.5,0.0,0.0,OK,
10632,Carrots NAN FP 50g,5.00,5.00,15.5,15.5,0.0,0.0,OK,
10633,Carrot NAN 020g,2.00,2.00,15.5,15.5,0.0,0.0,OK,
10634,Pumpkin FLA 00FP,1.50,1.50,15.5,15.5,0.0,0.0,OK,
10635,Pumpkin FLA 020g,2.00,2.00,15.5,15.5,0.0,0.0,OK,
10636,Tick Buster 200mls,9.00,9.00,0,0,0.0,0.0,OK,
10637,Super Roach Bait,3.00,3.00,0,0,0.0,0.0,OK,
10638,Delta Pet 500mls,1.00,1.00,15.5,15.5,0.0,0.0,OK,
10639,Water 500mls,0.50,0.50,15.5,15.5,0.0,0.0,OK,
10640,Chikafu Breeder maxi 20kg,60.00,60.00,0,0,0.0,0.0,OK,
10641,BROILER BOOST - 150g,5.00,5.00,0,0,0.0,0.0,OK,
10642,Stockholm Tar 500mls,8.00,8.00,0,0,0.0,0.0,OK,
10643,STOCKHOLM TAR 250 MLS,5.00,5.00,0,0,0.0,0.0,OK,
10644,Procal 100mls,14.00,14.00,0,0,0.0,0.0,OK,
10645,Watermelon crimson sweet 100g,17.00,17.00,15.5,15.5,0.0,0.0,OK,
10646,Tomato Rodade 100g,25.00,25.00,15.5,15.5,0.0,0.0,OK,
10648,Broccoli cigno 250 seeds,6.00,6.00,15.5,15.5,0.0,0.0,OK,
10649,Broccoli cigno 1000 seeds,16.00,16.00,15.5,15.5,0.0,0.0,OK,
10650,Cauliﬂower twister 250 seeds,8.00,8.00,15.5,15.5,0.0,0.0,OK,
10651,Cauliﬂower Twister 1000 seeds,20.00,20.00,15.5,15.5,0.0,0.0,OK,
10652,Beetroot Detroit 20g,2.00,2.00,15.5,15.5,0.0,0.0,OK,
10653,Watermelon Kito 1000 seeds,45.00,45.00,15.5,15.5,0.0,0.0,OK,
10654,Butternut Waltham 100g,13.00,13.00,15.5,15.5,0.0,0.0,OK,
10655,Ashley Cucumber 100g,15.00,15.00,0,0,0.0,0.0,OK,
10656,Boschveld Chicks,1.05,1.05,0,0,0.0,0.0,OK,
10657,Limestone 12kg,12.00,12.00,0,0,0.0,0.0,OK,
10658,Formalin 750mls,5.00,5.00,0,0,0.0,0.0,OK,
10659,CROPJET BROWN SPRAYER,20.00,20.00,15.5,15.5,0.0,0.0,OK,
10660,Pig Dewormer 1kg,15.00,15.00,0,0,0.0,0.0,OK,
10661,Pig Dewormer 250g,5.00,5.00,0,0,0.0,0.0,OK,
10662,25 litres-Pipe Bucket Nipple,15.00,15.00,15.5,15.5,0.0,0.0,OK,
10663,Boostermineral 100g,5.00,5.00,0,0,0.0,0.0,OK,
10664,Delta 2litres,2.00,2.00,15.5,15.5,0.0,0.0,OK,
10665,Liquid Parraﬁn -1Litre,11.00,11.00,0,0,0.0,0.0,OK,
10666,Formalin 5Litres,20.00,20.00,0,0,0.0,0.0,OK,
10667,Dog Chunks -5kg,8.00,8.00,15.5,15.5,0.0,0.0,OK,
10668,Dog Chunks 10kg,15.00,15.00,15.5,15.5,0.0,0.0,OK,
10669,Debeaker,5.00,5.00,15.5,15.5,0.0,9.0,OK,
10670,Biopharm 5litres,45.00,45.00,0,0,0.0,0.0,OK,
10671,Limoxin Spray 200mls,9.00,9.00,0,0,0.0,0.0,OK,
10672,Hyline Birds,11.00,11.00,15.5,15.5,0.0,0.0,OK,
10674,Complete Sheep Fatter 50kg,19.00,19.00,0,0,0.0,0.0,OK,
10675,Organic Top Fertilizer 80mls,4.50,4.50,0,0,0.0,0.0,OK,
10676,Organic Top 160mls,4.50,4.50,0,0,0.0,0.0,OK,
10677,Chicken Grit 5kg,4.50,4.50,0,0,0.0,0.0,OK,
10678,Calf Grower Meal 50kg,23.50,23.50,0,0,0.0,0.0,OK,
10679,ZAP43-10kg,35.00,35.00,15.5,15.5,0.0,0.0,OK,
10680,ZAP43-5kg,20.00,20.00,15.5,15.5,0.0,0.0,OK,
10681,ZAP61-5kg,21.00,21.00,15.5,15.5,0.0,0.0,OK,
10682,ZAP63-10kg,38.00,38.00,15.5,15.5,0.0,0.0,OK,
10683,ZAP73-5kg,26.00,26.00,15.5,15.5,0.0,0.0,OK,
10684,Broiler Boost 100g,5.00,5.00,0,0,0.0,0.0,OK,
10685,Synergi Infrared,15.00,15.00,15.5,15.5,0.0,0.0,OK,
10687,Kid Weaner Maxipack 5kg,12.00,12.00,0,0,0.0,0.0,OK,
10688,Goat Grower Maxipack 5kg,8.00,8.00,0,0,0.0,0.0,OK,
10689,Limoxin -25 Spray 200mls,12.00,12.00,0,0,0.0,0.0,OK,
10690,Aminoboost 100mls,3.50,3.50,0,0,0.0,0.0,OK,
10691,Goat Finisher 5kg maxi,7.00,7.00,0,0,0.0,0.0,OK,
10692,Hose Pipe 20mmx50m,67.00,67.00,15.5,15.5,0.0,0.0,OK,
10693,Hose Pipe 20mm x30m,45.00,45.00,15.5,15.5,0.0,0.0,OK,
10694,Hose Pipe 12.5mmx50m,50.00,50.00,15.5,15.5,0.0,0.0,OK,
10695,Cattle Boost 1Litre,12.00,12.00,0,0,0.0,0.0,OK,
10696,Bavikill 200mls,4.00,4.00,0,0,0.0,0.0,OK,
10697,Bavikill 1Litre,12.00,12.00,0,0,0.0,0.0,OK,
10698,Lamda 500mls,7.00,7.00,0,0,0.0,0.0,OK,
10700,MCP 25KG,32.50,32.50,0,0,0.0,0.0,OK,
10701,Chikafu Starter crumbs 5kg,5.00,5.00,0,0,0.0,0.0,OK,
10702,Growmore 500g,9.00,9.00,0,0,0.0,0.0,OK,
10703,ZAP 611 5kg,20.00,20.00,15.5,15.5,0.0,0.0,OK,
10704,Rope,7.00,7.00,15.5,15.5,0.0,0.0,OK,
10705,Layers Concentrate 10kg,8.00,8.00,0,0,0.0,0.0,OK,
10706,Cabbage 2500 seeds,0.00,0.00,15.5,15.5,0.0,0.0,OK,
10707,Chicken Drinker -750mls,1.00,1.00,15.5,15.5,0.0,67.0,OK,
10708,Goat Grower Maxi 20kg,30.00,30.00,0,0,0.0,0.0,OK,
10709,Chikwapuro 500g,5.00,5.00,0,0,0.0,0.0,OK,
10710,Noroclox 5g,6.00,6.00,0,0,0.0,0.0,OK,
10711,Super Soya Meal 25kg,19.00,19.00,0,0,0.0,0.0,OK,
10712,Wheat Bran 15kg,6.00,6.00,0,0,0.0,0.0,OK,
10713,Kontakill 500mls,16.00,16.00,0,0,0.0,0.0,OK,
10714,Fine Salt 50kg,16.00,16.00,0,0,0.0,0.0,OK,
10715,Electromix 1kg,15.00,15.00,0,0,0.0,0.0,OK,
10716,22 Holes Ohinged feeders,10.00,10.00,15.5,15.5,0.0,0.0,OK,
10717,Chick Starter Maxipack 20kg,52.00,52.00,0,0,0.0,0.0,OK,
10718,Intertocin 100mls,30.00,30.00,0,0,0.0,0.0,OK,
10719,Poultry mixed grain 25kg,22.00,22.00,0,0,0.0,0.0,OK,
10720,Biogenta 100mls,15.00,15.00,0,0,0.0,0.0,OK,
10721,Striker Herbicide 100mls,7.00,7.00,15.5,15.5,0.0,0.0,OK,
10722,Aliseryl 1kg,34.00,34.00,0,0,0.0,0.0,OK,
10723,Tomato Tengeru 50g,15.00,15.00,15.5,15.5,0.0,0.0,OK,
10724,Ashley Cucumber 50g,8.00,8.00,0,0,0.0,0.0,OK,
10725,Ashley Cucumber 20g,4.00,4.00,0,0,0.0,0.0,OK,
10726,Watermelon Sweetie 50g,9.00,9.00,15.5,15.5,0.0,0.0,OK,
10728,Albectin 250mls,6.00,6.00,0,0,0.0,0.0,OK,
10729,Volt Star Insecticide 250mls,6.50,6.50,0,0,0.0,0.0,OK,
10730,Dimethoate C.P Chem 125mls,2.50,2.50,0,0,0.0,0.0,OK,
10731,5 Nipple Bucket,9.00,9.00,15.5,15.5,0.0,0.0,OK,
10732,Ashliv Chick 50mls,1.00,1.00,0,0,0.0,0.0,OK,
10733,Onion Seeds Small Pack,1.00,1.00,15.5,15.5,0.0,0.0,OK,
10734,Rape Seeds Small Pack,1.00,1.00,15.5,15.5,0.0,0.0,OK,
10735,Sugar loaf Smallpack,1.00,1.00,15.5,15.5,0.0,0.0,OK,
10736,Carrot Nantes Smallpack,1.00,1.00,15.5,15.5,0.0,0.0,OK,
10737,Tomato Rodade Smallpack,1.00,1.00,15.5,15.5,0.0,0.0,OK,
10738,Belt 50ml,20.00,20.00,0,0,0.0,0.0,OK,
10739,Methylated Spirit 5 litres,15.00,15.00,15.5,15.5,0.0,0.0,OK,
10740,Lamda 100mls,2.00,2.00,0,0,0.0,0.0,OK,
10741,Electric Sprayer 20Liltre,60.00,60.00,15.5,15.5,0.0,0.0,OK,
10742,Electric Knapsack,60.00,60.00,15.5,15.5,0.0,0.0,OK,
10744,Hobson Rape 50g,4.00,4.00,15.5,15.5,0.0,0.0,OK,
10745,Covo 20g,4.00,4.00,15.5,15.5,0.0,0.0,OK,
10746,Fly Bait 25g,1.00,1.00,0,0,0.0,0.0,OK,
10747,Malathion 375g,4.50,4.50,0,0,0.0,0.0,OK,
10748,Organic Basal Top 160mls,4.50,4.50,15.5,15.5,0.0,0.0,OK,
10749,Pig Dewormer 500g,8.00,8.00,0,0,0.0,0.0,OK,
10750,Chicken Drinker 1.5L,2.00,2.00,15.5,15.5,0.0,0.0,OK,
10751,Egg Booster 500g,5.00,5.00,0,0,0.0,0.0,OK,
10754,Demise 200mls,7.00,7.00,0,0,0.0,0.0,OK,
10755,Energy Drink 500mls,1.00,1.00,15.5,15.5,0.0,0.0,OK,
10756,Yogurt 150g,0.60,0.60,15.5,15.5,0.0,0.0,OK,
10757,Minute Maid 500mls,1.00,1.00,15.5,15.5,0.0,0.0,OK,
10758,Dairiboard Lichi Coconut,2.00,2.00,15.5,15.5,0.0,0.0,OK,
10759,Dairiboard Pfuko 500mls,0.70,0.70,15.5,15.5,0.0,0.0,OK,
10760,Dairiboard Buttermilk 500mls,0.80,0.80,15.5,15.5,0.0,0.0,OK,
10761,Pepsi 500mls,0.50,0.50,15.5,15.5,0.0,0.0,OK,
10762,Plastic Bottle Delta 1litre,1.50,1.50,15.5,15.5,0.0,0.0,OK,
10764,Delta Can 330mls,1.00,1.00,15.5,15.5,0.0,0.0,OK,
10765,Cascade 500mls,0.60,0.60,15.5,15.5,0.0,0.0,OK,
10766,Copper Oxychloride 500g,7.00,7.00,0,0,0.0,0.0,OK,
10768,Ashliv Chick 200mls,4.00,4.00,0,0,0.0,0.0,OK,
10769,Lava Diclovous 500mls,6.00,6.00,0,0,0.0,0.0,OK,
10770,Pip Air 250ml,8.00,8.00,0,0,0.0,0.0,OK,
10771,Pip Air 100mls,6.00,6.00,0,0,0.0,0.0,OK,
10772,Rape 250g NTS,5.00,5.00,15.5,15.5,0.0,0.0,OK,
10773,Rape 500G NTS,10.00,10.00,15.5,15.5,0.0,0.0,OK,
10774,Abamectin 500mls,7.00,7.00,0,0,0.0,0.0,OK,
10775,Onion 20g,4.00,4.00,15.5,15.5,0.0,0.0,OK,
10776,Butternut Waltham 20g,4.00,4.00,15.5,15.5,0.0,0.0,OK,
10777,Disnis 5L,80.00,80.00,0,0,0.0,0.0,OK,
10778,Onion Seeds Value Pack,2.00,2.00,15.5,15.5,0.0,0.0,OK,
10779,Watermellon Smallpack,1.00,1.00,15.5,15.5,0.0,0.0,OK,
10780,Peas 100g,6.00,6.00,15.5,15.5,0.0,0.0,OK,
10781,Butternut NTS20g,5.00,5.00,15.5,15.5,0.0,0.0,OK,
10782,Tomato Ace 20g,3.00,3.00,15.5,15.5,0.0,0.0,OK,
10783,Tomato Tengeru97 25g,8.00,8.00,15.5,15.5,0.0,0.0,OK,
10784,Cabbage Sugarloaf 20g,4.00,4.00,15.5,15.5,0.0,0.0,OK,
10785,Cabbage Sugarloaf 100g,10.00,10.00,15.5,15.5,0.0,0.0,OK,
10786,Value Pack Beetroot,1.00,1.00,15.5,15.5,0.0,0.0,OK,
10787,Alshialben 250mls,5.00,5.00,0,0,0.0,50.0,OK,
10788,Chicken Grit 10kgs,8.00,8.00,0,0,0.0,0.0,OK,
10789,U-Mix Swine 3kg,9.00,9.00,0,0,0.0,0.0,OK,
10790,U-Mix Broiler Grower 3kg,10.00,10.00,0,0,0.0,0.0,OK,
10791,U-Mix Broiler Starter 3kg,11.00,11.00,0,0,0.0,0.0,OK,
10792,Roller Meal 10kg,7.50,7.50,0,0,0.0,0.0,OK,
10793,Nest Bird,25.00,25.00,15.5,15.5,0.0,0.0,OK,
10794,Cabbage 50g,7.00,7.00,15.5,15.5,0.0,0.0,OK,
10795,Colexil Oral 100ml,7.00,7.00,0,0,0.0,0.0,OK,
10796,Tsunga Value Pack,2.00,2.00,15.5,15.5,0.0,0.0,OK,
10797,Paida Small Pack,0.50,0.50,15.5,15.5,0.0,0.0,OK,
10798,Drum Head Cabbage 20g,4.00,4.00,15.5,15.5,0.0,0.0,OK,
10799,Pip Air Aquatec 50mls,6.00,6.00,0,0,0.0,0.0,OK,
10800,Mawuyu Fruit Juice 400mls,0.50,0.50,15.5,15.5,0.0,0.0,OK,
10801,Pet Flea Spray 500mls,8.00,8.00,15.5,15.5,0.0,0.0,OK,
10802,Lacto Calf 2kg,16.00,16.00,0,0,0.0,0.0,OK,
10803,U-Mix Layer 3kg,11.00,11.00,0,0,0.0,0.0,OK,
10804,Super Layers Concentrate 10kg,9.00,9.00,0,0,0.0,0.0,OK,
10805,Tsunga 50g,5.00,5.00,15.5,15.5,0.0,0.0,OK,
10806,Lettuce 20g,4.00,4.00,15.5,15.5,0.0,0.0,OK,
10807,Contratick 1L,35.00,35.00,0,0,0.0,0.0,OK,
10808,Cabbage NTS 20g,3.00,3.00,15.5,15.5,0.0,0.0,OK,
10809,Tsunga Small Pack,1.00,1.00,15.5,15.5,0.0,0.0,OK,
10810,Rape Hobson NTS 100G,4.00,4.00,15.5,15.5,0.0,0.0,OK,
10811,Crystal Mints,0.05,0.05,15.5,15.5,0.0,3900.0,OK,
10812,Tooth Picks,0.50,0.50,15.5,15.5,0.0,0.0,OK,
10813,Chlorpryifos 200mls,4.00,4.00,0,0,0.0,0.0,OK,
10814,Copper Oxychloride 200g,3.50,3.50,0,0,0.0,0.0,OK,
10815,Valbazem for Cattle 250mls,6.50,6.50,0,0,0.0,0.0,OK,
10816,Abamectin 200mls,3.00,3.00,0,0,0.0,0.0,OK,
10817,Fenvalerate/Fenkill 500mls,8.00,8.00,0,0,0.0,0.0,OK,
10818,Voltstar 500mls,8.00,8.00,0,0,0.0,0.0,OK,
10819,Tomato Money Maker 100g,8.00,8.00,15.5,15.5,0.0,0.0,OK,
10820,Mop,4.00,4.00,15.5,15.5,0.0,0.0,OK,
10821,Calmasol 440 500mls,18.00,18.00,0,0,0.0,0.0,OK,
10823,Cascade 1 Litre,1.50,1.50,15.5,15.5,0.0,0.0,OK,
10824,Rabbit Feeders Medium,4.00,4.00,15.5,15.5,0.0,0.0,OK,
10825,Rabbit Feeders Small,3.00,3.00,15.5,15.5,0.0,0.0,OK,
10826,Small Working Lights,5.00,5.00,15.5,15.5,0.0,0.0,OK,
10827,Supa Dip 500ml,18.00,18.00,0,0,0.0,0.0,OK,
10828,Fenvalerate 200mls,4.50,4.50,0,0,0.0,0.0,OK,
10829,Corda Rope 10m,4.00,4.00,15.5,15.5,0.0,0.0,OK,
10830,5 Socket Plug,8.00,8.00,15.5,15.5,0.0,0.0,OK,
10831,8Socket Plug,8.00,8.00,15.5,15.5,0.0,0.0,OK,
10832,Growmore 1kg,17.00,17.00,0,0,0.0,0.0,OK,
10833,Intertrim LA 100MLS,13.00,13.00,0,0,0.0,0.0,OK,
10834,Small Gas Heater,22.00,22.00,0,0,0.0,3.0,OK,
10835,Roller Meal 5kg,4.00,4.00,0,0,0.0,0.0,OK,
10836,Reﬁned 5kg,4.00,4.00,15.5,15.5,0.0,0.0,OK,
10837,Reﬁned 10kg,8.50,8.50,15.5,15.5,0.0,0.0,OK,
10838,Chikafu Starter 2kg,2.00,2.00,0,0,0.0,0.0,OK,
10839,Acetamark 100g,3.50,3.50,15.5,15.5,0.0,0.0,OK,
10840,Brahma chicks,4.00,4.00,0,0,0.0,0.0,OK,
10841,Nemovit 1kg,38.00,38.00,0,0,0.0,0.0,OK,
10842,Leaf rake top,2.00,2.00,0,0,0.0,0.0,OK,
10843,Twine Baler,10.00,10.00,15.5,15.5,0.0,0.0,OK,
10844,Brooder Box,25.00,25.00,15.5,15.5,0.0,1.0,OK,
10845,Sulphadimidine 100g,5.00,5.00,0,0,0.0,0.0,OK,
10846,Large Working Light,8.00,8.00,15.5,15.5,0.0,0.0,OK,
10847,Ashoxy 10% 100mls,5.00,5.00,0,0,0.0,0.0,OK,
10848,Ashoxy 20% 100mls,8.00,8.00,0,0,0.0,0.0,OK,
10849,Gillette Blades 5's,0.50,0.50,15.5,15.5,0.0,0.0,OK,
10850,Mutton Cloth,2.00,2.00,15.5,15.5,0.0,0.0,OK,
10851,Mancozeb 200g,3.50,3.50,0,0,0.0,0.0,OK,
10852,Chamboko 500g,5.00,5.00,15.5,15.5,0.0,0.0,OK,
10853,Poultry Tonic 50mls,4.50,4.50,0,0,0.0,0.0,OK,
10854,Ascites Cure 100mls,5.50,5.50,0,0,0.0,0.0,OK,
10855,Innovet Stresspack 1kg,25.00,25.00,0,0,0.0,0.0,OK,
10856,Mapfunde 5kg,5.00,5.00,0,0,0.0,1.0,OK,
10857,Onion 50g,8.00,8.00,15.5,15.5,0.0,0.0,OK,
10858,Spinach 20g,4.00,4.00,15.5,15.5,0.0,0.0,OK,
10859,Organico 100g,7.00,7.00,0,0,0.0,0.0,OK,
10860,Pivot Spike Rotating Sprinkler,3.00,3.00,15.5,15.5,0.0,0.0,OK,
10861,Flat Base Rotating Sprinkler,5.00,5.00,15.5,15.5,0.0,0.0,OK,
10862,Large Hoe,8.00,8.00,15.5,15.5,0.0,0.0,OK,
10863,Medium Hoe,7.00,7.00,15.5,15.5,0.0,0.0,OK,
10864,Small Hoe,6.00,6.00,15.5,15.5,0.0,0.0,OK,
10865,Hoe Handle,2.00,2.00,15.5,15.5,0.0,0.0,OK,
10866,Cabbage 250 seed,5.00,5.00,15.5,15.5,0.0,0.0,OK,
10867,Avanos Onion garden pack,4.00,4.00,15.5,15.5,0.0,0.0,OK,
10868,Tuta Absoluta Pheromone lure,6.00,6.00,0,0,0.0,0.0,OK,
10869,Layers Carge 96,250.00,250.00,15.5,15.5,0.0,0.0,OK,
10870,105 Seedling Tray,1.00,1.00,15.5,15.5,0.0,0.0,OK,
10871,Lacto Calf 25kg,100.00,100.00,0,0,0.0,0.0,OK,
10872,Cabbage 2500 seeds Kiwa F1,20.00,20.00,15.5,15.5,0.0,0.0,OK,
10873,Peas 50g,8.00,8.00,15.5,15.5,0.0,0.0,OK,
10875,Cabbage Drumhead 100g,18.00,18.00,15.5,15.5,0.0,0.0,OK,
10876,Carrot Nantes 500g,17.00,17.00,15.5,15.5,0.0,0.0,OK,
10877,Cabbage 2500 seeds Fabiola F1,23.00,23.00,15.5,15.5,0.0,0.0,OK,
10878,Peas Greenfeast 1kg,30.00,30.00,15.5,15.5,0.0,0.0,OK,
10879,Watermelon Kito F1 250SEEDS,18.00,18.00,15.5,15.5,0.0,0.0,OK,
10880,250 Seeds SCV Majesty,6.00,6.00,15.5,15.5,0.0,0.0,OK,
10881,1000 seeds SCV Majesty,13.00,13.00,15.5,15.5,0.0,0.0,OK,
10882,Chlopyrifos 1 Litre,13.00,13.00,0,0,0.0,0.0,OK,
10883,Dicamba 500mls,12.00,12.00,15.5,15.5,0.0,0.0,OK,
10884,Imidacloprid 200g,10.00,10.00,15.5,15.5,0.0,0.0,OK,
10885,C.P Natto 1Litre,14.00,14.00,15.5,15.5,0.0,0.0,OK,
10886,Broom 1litre,16.50,16.50,15.5,15.5,0.0,0.0,OK,
10887,Fuzifop 1 litre,16.50,16.50,15.5,15.5,0.0,0.0,OK,
10888,MCPA 1 LITRE,9.00,9.00,15.5,15.5,0.0,0.0,OK,
10889,Shear Hedge Trimmer,7.00,7.00,15.5,15.5,0.0,0.0,OK,
10890,Small Garden Fork Wooden Handle,3.00,3.00,15.5,15.5,0.0,0.0,OK,
10891,Small Garden Fork Plastic Handle,3.50,3.50,15.5,15.5,0.0,0.0,OK,
10892,Big Shovel,8.00,8.00,15.5,15.5,0.0,0.0,OK,
10893,16inch Sickle,0.00,0.00,15.5,15.5,0.0,0.0,OK,
10894,18inch Sickle,2.50,2.50,15.5,15.5,0.0,0.0,OK,
10895,Small Garden Shovel Wooden Handle,3.00,3.00,15.5,15.5,0.0,0.0,OK,
10896,Small Garden Shovel plastic handle,3.50,3.50,15.5,15.5,0.0,0.0,OK,
10897,Small Garden Cultivator Wooden Handle,3.00,3.00,15.5,15.5,0.0,0.0,OK,
10898,Small Garden Cultivator Plastic handle,3.50,3.50,15.5,15.5,0.0,0.0,OK,
10899,Number 30 Fertilizer Cup,0.30,0.30,15.5,15.5,0.0,0.0,OK,
10900,Number 16 Fertilizer Cup,0.30,0.30,15.5,15.5,0.0,0.0,OK,
10901,Number 8 Fertilizer Cup,0.30,0.30,15.5,15.5,0.0,0.0,OK,
10902,Number 5 Fertilizer cup,0.30,0.30,15.5,15.5,0.0,0.0,OK,
10903,Number 2 Fertilizer Cup,0.30,0.30,15.5,15.5,0.0,0.0,OK,
10904,Supadip 100mls,6.00,6.00,0,0,0.0,9.0,OK,
10905,Lawn Trimmer,4.00,4.00,15.5,15.5,0.0,0.0,OK,
10907,Fertilizer 2kg,2.00,2.00,15.5,15.5,0.0,0.0,OK,
10908,Fertilizer 5kg,5.00,5.00,15.5,15.5,0.0,0.0,OK,
10909,Fertilizer 10kg,10.00,10.00,15.5,15.5,0.0,0.0,OK,
10910,Coarse Salt 5kg,2.00,2.00,0,0,0.0,0.0,OK,
10911,Lambda Cyhalothrin 500mls,6.50,6.50,0,0,0.0,0.0,OK,
10912,Roller Meal 20kg,13.80,13.80,0,0,0.0,0.0,OK,
10913,Reﬁned 20kg,16.50,16.50,15.5,15.5,0.0,0.0,OK,
10914,Bravo 500mls,7.50,7.50,0,0,0.0,0.0,OK,
10915,Chicken Grit 2kgs,2.00,2.00,0,0,0.0,0.0,OK,
10916,Vacciblue,1.50,1.50,0,0,0.0,0.0,OK,
10918,Drum Head Cabbage Value pack,2.00,2.00,15.5,15.5,0.0,0.0,OK,
10919,Penstrep SA 50mls,6.00,6.00,0,0,0.0,0.0,OK,
10921,Mapfunde Bucket,17.00,17.00,15.5,15.5,0.0,0.0,OK,
10922,Snowcorn 100mls,3.00,3.00,0,0,0.0,0.0,OK,
10923,Swowcorn 200mls,5.00,5.00,0,0,0.0,0.0,OK,
10924,Chikafu Grower 2kg,2.00,2.00,0,0,0.0,0.0,OK,
10925,Multi Dip 5litres,130.00,130.00,0,0,0.0,0.0,OK,
10926,Fly glue board,0.25,0.25,15.5,15.5,0.0,0.0,OK,
10927,Eye Wound Powder 40g,4.00,4.00,0,0,0.0,0.0,OK,
10928,Egocin 200mls,17.00,17.00,0,0,0.0,0.0,OK,
10929,Tick Buster 2lites,50.00,50.00,0,0,0.0,0.0,OK,
10930,Selvit E,7.00,7.00,0,0,0.0,0.0,OK,
10931,Trimmer Line,7.00,7.00,15.5,15.5,0.0,0.0,OK,
10932,Wellvet Broiler Booster,7.00,7.00,0,0,0.0,122.0,OK,
10933,Teat Disinfectant Cup,5.00,5.00,15.5,15.5,0.0,0.0,OK,
10934,Roller 50kg M.meal,31.00,31.00,0,0,0.0,0.0,OK,
10935,Small pack Butternut,1.00,1.00,15.5,15.5,0.0,0.0,OK,
10936,Bremacure 100g,8.50,8.50,0,0,0.0,0.0,OK,
10937,Rat Glue,2.00,2.00,15.5,15.5,0.0,0.0,OK,
10938,Acet 20 SP 50g,1.50,1.50,0,0,0.0,1.0,OK,
10939,Mosquito Net,3.00,3.00,15.5,15.5,0.0,0.0,OK,
10940,Racadox 2litres,8.00,8.00,0,0,0.0,0.0,OK,
10941,Racadox 5litres,18.00,18.00,0,0,0.0,0.0,OK,
10942,Toilet Dip 5litres,8.00,8.00,0,0,0.0,7.0,OK,
10943,Milfone-C 300mls,10.00,10.00,0,0,0.0,0.0,OK,
10944,Agita 50g,19.00,19.00,0,0,0.0,0.0,OK,
10945,Albectin Tablets,1.00,1.00,0,0,0.0,0.0,OK,
10946,CP Natto 500mls,7.00,7.00,0,0,0.0,0.0,OK,
10947,CP-Striker Star 1Litre,38.00,38.00,15.5,15.5,0.0,0.0,OK,
10948,CP Firefox 75WDG-1KG,9.00,9.00,15.5,15.5,0.0,0.0,OK,
10001,Broiler Starter Crumbs 5kg,5.00,5.00,0,0,0.0,80.0,OK,
10949,CP Glyphosate 41SL-1Litre,7.50,7.50,15.5,15.5,0.0,0.0,OK,
10950,Accent 45g,5.00,5.00,15.5,15.5,0.0,0.0,OK,
10951,Cattle Bell,4.00,4.00,15.5,15.5,0.0,0.0,OK,
10952,Oxamyl 1Litre,20.00,20.00,0,0,0.0,0.0,OK,
10953,4 Socket Plug,6.00,6.00,15.5,15.5,0.0,0.0,OK,
10954,Albex 1 Litre,27.00,27.00,0,0,0.0,0.0,OK,
10955,Multi Dip 500mls,20.00,20.00,0,0,0.0,0.0,OK,
10956,Deadline 100mls,4.00,4.00,0,0,0.0,0.0,OK,
10957,Chlofenapyr 1 Litre,24.00,24.00,0,0,0.0,0.0,OK,
10958,Clofenac 100mls,6.00,6.00,0,0,0.0,0.0,OK,
10959,Snowtraz 100mls,6.50,6.50,0,0,0.0,0.0,OK,
10960,Snowthane 500g,5.50,5.50,0,0,0.0,0.0,OK,
10961,Snowthane 1kg,9.00,9.00,0,0,0.0,0.0,OK,
10962,Chlofenapyr 100mls,4.00,4.00,0,0,0.0,0.0,OK,
10963,Oxamyl 1L,19.00,19.00,0,0,0.0,0.0,OK,
10964,Ashienro 10% 100mls,4.50,4.50,0,0,0.0,0.0,OK,
10965,Soil moisture test,10.00,10.00,15.5,15.5,0.0,0.0,OK,
10966,Nicosulfron 45g,5.00,5.00,0,0,0.0,0.0,OK,
10967,Halosulfron 50g,7.00,7.00,15.5,15.5,0.0,0.0,OK,
10968,Belt 4g,2.00,2.00,0,0,0.0,0.0,OK,
10969,Emamectin Benzoate 10g,2.00,2.00,0,0,0.0,0.0,OK,
10970,Demise 500mls,14.00,14.00,0,0,0.0,0.0,OK,
10972,Bronchoheal 100mls,7.00,7.00,0,0,0.0,0.0,OK,
10974,Metolachlor 1L,0.00,0.00,15.5,15.5,0.0,0.0,OK,
10975,Barn Thermometer,7.00,7.00,15.5,15.5,0.0,7.0,OK,
10976,Khaki cover,0.50,0.50,15.5,15.5,0.0,0.0,OK,
10977,Pumpkin White Boer,7.00,7.00,15.5,15.5,0.0,0.0,OK,
10978,Drumhead cabbage tsaona,1.00,1.00,0,0,0.0,0.0,OK,
10979,Snowcron 200mls,5.00,5.00,0,0,0.0,0.0,OK,
10980,Calvitam Egg 500mls,10.00,10.00,0,0,0.0,0.0,OK,
10981,Oxyfarm 30g,0.00,0.00,0,0,0.0,0.0,OK,
10982,Bentazone 1Litre,0.00,0.00,0,0,0.0,0.0,OK,
10983,Eye and wound powder 20g,4.00,4.00,0,0,0.0,1.0,OK,
10985,Wheat Straw 5kg,1.50,1.50,0,0,0.0,0.0,OK,
10986,Mancozeb 1kg,10.00,10.00,0,0,0.0,0.0,OK,
10987,Chicken feeder 8kg,10.00,10.00,15.5,15.5,0.0,0.0,OK,
10988,Weaner Drinking Plates,13.00,13.00,15.5,15.5,0.0,0.0,OK,
10989,Bamboo Toothpick,1.00,1.00,15.5,15.5,0.0,0.0,OK,
10990,Tents,10.00,10.00,15.5,15.5,0.0,10.0,OK,
10991,Point of laying Crate,30.00,30.00,15.5,15.5,0.0,0.0,OK,
10996,Durotic 100mls,13.00,13.00,15.5,15.5,0.0,0.0,OK,
11025,Dlite 750mls,2.00,2.00,15.5,15.5,0.0,0.0,OK,
11074,Pigs All Classes,0.00,0.00,0,0,0.0,0.0,OK,
11092,Fly Board,0.50,0.50,15.5,15.5,0.0,0.0,OK,
11108,Bell Drinkers,10.00,10.00,15.5,15.5,0.0,0.0,OK,
11114,Acephate 1kg,25.00,25.00,15.5,15.5,0.0,0.0,OK,
11115,Icejug,2.50,2.50,15.5,15.5,0.0,0.0,OK,
11116,Tatu Moja Doses,18.00,18.00,15.5,15.5,0.0,0.0,OK,
11118,Large Infra Red Cover,23.00,23.00,15.5,15.5,0.0,0.0,OK,
11119,Small Infra Red Cover,18.00,18.00,15.5,15.5,0.0,0.0,OK,
11120,Cucumber Small packs,1.00,1.00,15.5,15.5,0.0,0.0,OK,
11130,Respmint 1 Litre,30.00,30.00,0,0,0.0,0.0,OK,
11132,Chick starter maxipack 5kg,13.00,13.00,0,0,0.0,0.0,OK,
11139,Reﬂective work suits,20.00,20.00,15.5,15.5,0.0,0.0,OK,
11140,Maize Germ 25kg,6.25,6.25,0,0,0.0,0.0,OK,
11141,48 Battery Cage,150.00,150.00,15.5,15.5,0.0,0.0,OK,
11142,4 holes bucket 15kg,10.00,10.00,15.5,15.5,0.0,0.0,OK,
11143,Ultra No Fly 250mls,13.00,13.00,15.5,15.5,0.0,1.0,OK,
11144,Leva -200 100g,7.00,7.00,15.5,15.5,0.0,10.0,OK,
11145,Ecotet 500g,16.00,16.00,15.5,15.5,0.0,0.0,OK,
11146,Dexamethasone injection 100mls,10.00,10.00,0,0,0.0,0.0,OK,
11147,Cockroach Powder 8g,0.50,0.50,0,0,0.0,0.0,OK,
11148,Terramycin 100g,8.00,8.00,0,0,0.0,0.0,OK,
11149,Mastest 5L,14.00,14.00,15.5,15.5,0.0,0.0,OK,
11150,Grain Dust 200g,2.50,2.50,15.5,15.5,0.0,0.0,OK,
11156,Intertrim 1kg,50.00,50.00,0,0,0.0,0.0,OK,
11157,Large Gas Regulator,7.00,7.00,15.5,15.5,0.0,0.0,OK,
11158,Spirit 500mls,3.50,3.50,15.5,15.5,0.0,0.0,OK,
11159,Ratchet Rope,10.00,10.00,15.5,15.5,0.0,0.0,OK,
11160,Decatix 1L,25.00,25.00,15.5,15.5,0.0,0.0,OK,
11161,Decatix 200mls,7.00,7.00,15.5,15.5,0.0,0.0,OK,
11162,Coppermycin SA 100mls,8.00,8.00,0,0,0.0,0.0,OK,
10433,Syringe 50mls,0.50,0.50,15.5,15.5,0.0,2.0,OK,
11164,Deadline 200mls,7.00,7.00,15.5,15.5,0.0,0.0,OK,
11165,Ecotet 100g,6.50,6.50,15.5,15.5,0.0,0.0,OK,
11166,Limoxin 100g,9.00,9.00,0,0,0.0,0.0,OK,
11167,Empty Buckets,2.00,2.00,15.5,15.5,0.0,0.0,OK,
11169,Chick grower maxipack 6kg,11.00,11.00,0,0,0.0,0.0,OK,
11170,Latex Gloves,0.50,0.50,15.5,15.5,0.0,0.0,OK,
11171,Rabbit Pellets 25kg,14.00,14.00,0,0,0.0,0.0,OK,
11172,Ketosol 10%,10.00,10.00,0,0,0.0,0.0,OK,
11173,Goat Meal 10kg,6.00,6.00,0,0,0.0,0.0,OK,
11174,Goat Meal 5kg,4.00,4.00,0,0,0.0,0.0,OK,
11175,Welvet Chick Starter 100g,6.00,6.00,0,0,0.0,19.0,OK,
11176,Sulfa-333 100mls,8.00,8.00,0,0,0.0,0.0,OK,
11177,Bush Haybales Melfort,2.50,2.50,0,0,0.0,0.0,OK,
11178,Valbazen for Cattle 5L,100.00,100.00,0,0,0.0,0.0,OK,
11179,Mineral Block 20kg,20.00,20.00,0,0,0.0,0.0,OK,
11180,Sunﬂower seed 10kg,7.00,7.00,15.5,15.5,0.0,2.0,OK,
11181,Sunﬂower seed 5kg,4.00,4.00,15.5,15.5,0.0,0.0,OK,
11182,Mixed poultry grains 10kg,10.00,10.00,15.5,15.5,0.0,0.0,OK,
11183,Intracox Oral 100mls,6.00,6.00,0,0,0.0,0.0,OK,
11184,Tick Guard 5L,170.00,170.00,0,0,0.0,0.0,OK,
11196,Vacuum jug,10.00,10.00,15.5,15.5,0.0,0.0,OK,
11200,Work suit,15.00,15.00,15.5,15.5,0.0,0.0,OK,
11202,Polony Large,1.00,1.00,15.5,15.5,0.0,0.0,OK,
11203,Liver up 250mls,4.00,4.00,15.5,15.5,0.0,21.0,OK,
11213,Wheelbarrow,45.00,45.00,15.5,15.5,0.0,0.0,OK,
11214,32Holes Seedling trays,1.00,1.00,15.5,15.5,0.0,0.0,OK,
11215,6holes seedling tray,0.50,0.50,15.5,15.5,0.0,0.0,OK,
11216,72holes seedling tray,1.00,1.00,15.5,15.5,0.0,0.0,OK,
11217,200holes seedling tray,1.30,1.30,15.5,15.5,0.0,0.0,OK,
11218,Supa feed foliar fertilizer 250g,3.00,3.00,15.5,15.5,0.0,0.0,OK,
11220,Shumba Plus 500g,5.00,5.00,15.5,15.5,0.0,0.0,OK,
11221,Mixed Poultry Grains 50kg,34.00,34.00,15.5,15.5,0.0,0.0,OK,
11222,Pig Grower Meal 50kg,29.00,29.00,0,0,0.0,0.0,OK,
11223,Chimombe 1L,1.50,1.50,15.5,15.5,0.0,0.0,OK,
11225,Mapfunde 10kg,8.00,8.00,15.5,15.5,0.0,0.0,OK,
11227,Dettol 125g,1.00,1.00,15.5,15.5,0.0,0.0,OK,
11232,Dry Cow Meal 50kg,20.00,20.00,0,0,0.0,0.0,OK,
11233,Ashoxy chick 100g,5.00,5.00,0,0,0.0,0.0,OK,
11238,BT Speaker,10.00,10.00,15.5,15.5,0.0,0.0,OK,
11241,Rodade plus 100g,15.00,15.00,15.5,15.5,0.0,0.0,OK,
10003,BROILER STARTER CRUMBS 25KG,17.50,17.50,0,0,0.0,0.0,OK,
10004,BROILER STARTER CRUMBS 50KG,35.00,35.00,0,0,0.0,0.0,OK,
10005,BROILER GROWER meal 25kg,13.50,13.50,0,0,0.0,0.0,OK,
10006,BROILER starter crumbles 10KG,10.00,10.00,0,0,0.0,20.0,OK,
10008,Broiler starter meal 25kg,16.00,16.00,0,0,0.0,0.0,OK,
10009,Broiler starter meal 50kg,30.00,30.00,0,0,0.0,0.0,OK,
10011,CHICKEN DRINKER -10 LITRES,8.00,8.00,15.5,15.5,0.0,0.0,OK,
10014,CHICKEN FEEDERS -3KGS,3.00,3.00,15.5,15.5,0.0,61.0,OK,
10017,Albendazole 500mls,6.00,6.00,0,0,0.0,0.0,OK,
10019,Actellic Gold Dust 200g,3.50,3.50,0,0,0.0,0.0,OK,
10020,Alamycin 100mls,11.00,11.00,0,0,0.0,0.0,OK,
10021,Albex 200mls,7.00,7.00,0,0,0.0,0.0,OK,
10022,Albex 500mls,14.00,14.00,0,0,0.0,0.0,OK,
10023,Aliseryl 100g,8.00,8.00,0,0,0.0,10.0,OK,
10024,Aluminium Phosphate 1kg,15.00,15.00,0,0,0.0,0.0,OK,
10026,Amino Grow 1 litre,25.00,25.00,0,0,0.0,0.0,OK,
10027,Amoxicillin 100mls,10.00,10.00,0,0,0.0,0.0,OK,
10028,Ashboost 100g,5.00,5.00,0,0,0.0,60.0,OK,
10029,Ashierno 250mls,10.00,10.00,0,0,0.0,0.0,OK,
10030,Ashiver 100mls,9.00,9.00,0,0,0.0,23.0,OK,
10032,Ashiver 20mls,4.00,4.00,0,0,0.0,0.0,OK,
10033,Ashiver 50mls,5.00,5.00,0,0,0.0,0.0,OK,
10034,Ashiliv Chick 1litre,15.00,15.00,0,0,0.0,0.0,OK,
10035,Ashiliv chick 100mls,3.00,3.00,0,0,0.0,105.0,OK,
10036,Ashiliv chick 500mls,10.00,10.00,0,0,0.0,0.0,OK,
10037,Ashoxy 20% 100g,5.00,5.00,0,0,0.0,30.0,OK,
10038,Ashoxy Egg Formula 100g,4.00,4.00,0,0,0.0,0.0,OK,
10039,Ashtyl 20% 100g,6.00,6.00,0,0,0.0,1.0,OK,
10040,Ashiliv chick 250mls,7.00,7.00,0,0,0.0,0.0,OK,
10041,Ashperazine 100g,6.00,6.00,0,0,0.0,0.0,OK,
10044,Baits,2.00,2.00,0,0,0.0,0.0,OK,
10042,Astrisul 100g,9.00,9.00,0,0,0.0,0.0,OK,
10045,Atrazine 1litre,7.00,7.00,0,0,0.0,0.0,OK,
10046,Benvet 200mls,10.00,10.00,0,0,0.0,0.0,OK,
10047,Beta tick Grease 250g,4.00,4.00,0,0,0.0,0.0,OK,
10048,Beta tick Grease 500g,7.00,7.00,0,0,0.0,0.0,OK,
10050,Biogen super 500mls,6.00,6.00,0,0,0.0,0.0,OK,
10051,Biopharm 200mls,5.00,5.00,0,0,0.0,0.0,OK,
10052,Biopharm 500mls,10.00,10.00,0,0,0.0,0.0,OK,
10053,Bloom 100mls,4.00,4.00,0,0,0.0,0.0,OK,
10058,Broiler concentrate 50kg,43.00,43.00,0,0,0.0,10.0,OK,
10055,Bremamectin 50mls,6.00,6.00,0,0,0.0,0.0,OK,
10059,Broiler ﬁnisher pellets 25kg,17.00,17.00,0,0,0.0,0.0,OK,
10060,Broiler ﬁnisher pellets 10kg,9.00,9.00,0,0,0.0,0.0,OK,
10061,Broiler ﬁnisher maxi 6kg,13.00,13.00,0,0,0.0,10.0,OK,
10064,Broiler ﬁnisher meal 25kg,15.00,15.00,0,0,0.0,0.0,OK,
10065,Broiler ﬁnisher meal 50kg,30.00,30.00,0,0,0.0,0.0,OK,
10067,Broiler Grower pellets 25kg,17.50,17.50,0,0,0.0,0.0,OK,
10068,Broiler Grower Pellets 50kg,34.00,34.00,0,0,0.0,0.0,OK,
10069,Broiler Grower Maxi 6kg,13.00,13.00,0,0,0.0,0.0,OK,
10070,Brooder curtain 1meter,3.50,3.50,15.5,15.5,0.0,0.0,OK,
10071,Browse plus 500g,6.00,6.00,0,0,0.0,0.0,OK,
10072,Bucket Nipple 4,8.00,8.00,15.5,15.5,0.0,0.0,OK,
10073,Bucket nipple 8,15.00,15.00,15.5,15.5,0.0,0.0,OK,
10076,Bulb lamp holder,1.00,1.00,15.5,15.5,0.0,0.0,OK,
10078,Cabrayl 1kg,17.00,17.00,0,0,0.0,0.0,OK,
10082,Chick Grower meal 50kg,28.00,28.00,0,0,0.0,0.0,OK,
10083,Chick starter meal 50kg,30.00,30.00,0,0,0.0,0.0,OK,
10084,Chicken Grit 1kg,1.00,1.00,0,0,0.0,0.0,OK,
10079,Cabrayl 85wp 500g,12.00,12.00,0,0,0.0,0.0,OK,
10085,Chicken Grit 50kg,15.00,15.00,0,0,0.0,5.0,OK,
10086,Bucket Nipple (6),10.00,10.00,15.5,15.5,0.0,0.0,OK,
10087,Bucket Nipples - Small,1.00,1.00,15.5,15.5,0.0,0.0,OK,
10088,Bucket nipple (large),1.00,1.00,15.5,15.5,0.0,0.0,OK,
10089,Cislin Plain 200mls,7.50,7.50,0,0,0.0,0.0,OK,
10090,Cislin plus 200mls,8.00,8.00,0,0,0.0,0.0,OK,
10092,Combivit 100g,4.00,4.00,0,0,0.0,0.0,OK,
10093,Contratick 100mls,6.50,6.50,0,0,0.0,0.0,OK,
10094,Contratick 200mls,12.00,12.00,0,0,0.0,0.0,OK,
10095,Contratick 500mls,24.00,24.00,0,0,0.0,0.0,OK,
10096,Coopers Triatix 500mls,15.00,15.00,0,0,0.0,15.0,OK,
10097,Coopermycin LA 100mls,10.50,10.50,0,0,0.0,0.0,OK,
10098,Coopers Tick Grease 500g,6.50,6.50,0,0,0.0,12.0,OK,
10099,Coopers Triatix 100mls,5.00,5.00,0,0,0.0,19.0,OK,
10100,Decatix Coopers 10g,1.00,1.00,0,0,0.0,0.0,OK,
10101,Copper Sulphate 500g,8.00,8.00,0,0,0.0,0.0,OK,
10102,Course salt 50kg,15.00,15.00,0,0,0.0,0.0,OK,
10103,Cypermethrin Sentinel 100mls,4.00,4.00,0,0,0.0,0.0,OK,
10105,Day old chicks,1.00,1.00,0,0,0.0,0.0,OK,
11244,Carrots Kuroda 100g,8.00,8.00,15.5,15.5,0.0,0.0,OK,
11245,Carrots Kuroda 50g,5.00,5.00,15.5,15.5,0.0,0.0,OK,
11246,Carrots Kuroda Value Pack,2.00,2.00,15.5,15.5,0.0,0.0,OK,
11247,Carrots Kuroda 20g,4.00,4.00,15.5,15.5,0.0,0.0,OK,
11248,"Mize seed 2,5kg",10.00,10.00,15.5,15.5,0.0,0.0,OK,
11249,Abamectin 250mls,4.50,4.50,0,0,0.0,0.0,OK,
11250,Watering Can 15L,10.00,10.00,15.5,15.5,0.0,0.0,OK,
11251,Value pack Okra,2.00,2.00,15.5,15.5,0.0,0.0,OK,
11252,Carrots Kuroda 10g,3.00,3.00,15.5,15.5,0.0,0.0,OK,
11253,Carrots Kuroda 5g,2.00,2.00,15.5,15.5,0.0,0.0,OK,
11254,Oxfarm 30g,4.50,4.50,0,0,0.0,1.0,OK,
11255,Compound D 50kg,35.00,35.00,0,0,0.0,0.0,OK,
11256,Fertilizer D 2kg,2.00,2.00,0,0,0.0,0.0,OK,
11257,Fertilizer D 4kgs,3.50,3.50,0,0,0.0,0.0,OK,
11258,Katambora Grass,6.00,6.00,0,0,0.0,0.0,OK,
11259,Tryponil Super 2.37g,0.60,0.60,15.5,15.5,0.0,0.0,OK,
11260,Dimoxan 100g,8.00,8.00,0,0,0.0,0.0,OK,
11261,Advocin 100mls,85.00,85.00,15.5,15.5,0.0,0.0,OK,
11263,Ultraseryl 100g,6.00,6.00,0,0,0.0,0.0,OK,
11264,Beta Cypemethrin powder 50g,1.00,1.00,0,0,0.0,0.0,OK,
11265,U-Fresh 500mls,0.50,0.50,15.5,15.5,0.0,0.0,OK,
11266,Chicken Feeders 15kg,10.00,10.00,15.5,15.5,0.0,0.0,OK,
11267,Ashoxy 20% 25g,2.00,2.00,0,0,0.0,0.0,OK,
11268,Apex -10 1L,9.00,9.00,15.5,15.5,0.0,0.0,OK,
11270,Super Soya 10kg,8.00,8.00,0,0,0.0,0.0,OK,
11271,Small garden tin,10.00,10.00,15.5,15.5,0.0,0.0,OK,
11272,Medium garden tin,13.00,13.00,15.5,15.5,0.0,0.0,OK,
11273,Large garden,15.00,15.00,15.5,15.5,0.0,0.0,OK,
11274,Syova Tengeru 97 -10g,7.00,7.00,15.5,15.5,0.0,0.0,OK,
11275,Boom paste 200g,0.50,0.50,15.5,15.5,0.0,119.0,OK,
11276,Tissue singles,0.50,0.50,15.5,15.5,0.0,0.0,OK,
11277,Vim Powder 500g,0.50,0.50,0,0,0.0,0.0,OK,
11278,Valbzen for cattle 1L,25.00,25.00,0,0,0.0,0.0,OK,
11279,Betasol 1L,17.00,17.00,15.5,15.5,0.0,0.0,OK,
11280,Calcium borogluconate 400mls,18.00,18.00,15.5,15.5,0.0,0.0,OK,
11281,Albendazole 1L,25.00,25.00,0,0,0.0,0.0,OK,
11282,Bin Liner,0.25,0.25,15.5,15.5,0.0,0.0,OK,
11283,Fowl run tent,2.50,2.50,15.5,15.5,0.0,0.0,OK,
11284,leaf rake complete set,6.00,6.00,15.5,15.5,0.0,0.0,OK,
11285,Table salt 1kg,0.50,0.50,15.5,15.5,0.0,0.0,OK,
11286,Black sheet,1.00,1.00,15.5,15.5,0.0,0.0,OK,
11287,Delete Herbicide 1kg,9.00,9.00,15.5,15.5,0.0,0.0,OK,
11288,Blue tent /m,2.50,2.50,15.5,15.5,0.0,0.0,OK,
11289,AN Top Fertiliser 50kg,41.00,41.00,15.5,15.5,0.0,0.0,OK,
11290,Tengeru 97 small pack,1.00,1.00,15.5,15.5,0.0,0.0,OK,
11291,Chikafu grower/ﬁn pellets 25kg,15.50,15.50,0,0,0.0,0.0,OK,
11312,Amprolin -300ws 100g,9.00,9.00,0,0,0.0,0.0,OK,
11313,Giant rape value pack,0.00,0.00,15.5,15.5,0.0,0.0,OK,
11318,Albendex- 25 500mls,8.00,8.00,0,0,0.0,0.0,OK,
11320,48 Layer cage,170.00,170.00,0,0,0.0,0.0,OK,
11321,Chick Grower Pellets 50kg,28.50,28.50,0,0,0.0,0.0,OK,
11322,Wheelbarrow Wheel,10.00,10.00,15.5,15.5,0.0,0.0,OK,
11323,Sequzene forte 2.36g,1.00,1.00,15.5,15.5,0.0,15.0,OK,
11329,Wooden Pegs,0.50,0.50,15.5,15.5,0.0,0.0,OK,
11335,Dettol Liquid 125mls,1.50,1.50,15.5,15.5,0.0,0.0,OK,
11343,Kontakill 200mls,10.00,10.00,15.5,15.5,0.0,0.0,OK,
11349,Ultratet LA 100mls,8.00,8.00,15.5,15.5,0.0,0.0,OK,
11350,Ecomectin 50mls,12.00,12.00,0,0,0.0,0.0,OK,
11351,Vitaboost 100g,4.00,4.00,0,0,0.0,84.0,OK,
11352,Penstrep LA 50mls,8.00,8.00,0,0,0.0,0.0,OK,
11355,Sewing Thread,2.00,2.00,15.5,15.5,0.0,6.0,OK,
11359,Penstrep 20/20 100mls,14.00,14.00,0,0,0.0,0.0,OK,
11360,Tick grease 4kg,40.00,40.00,0,0,0.0,0.0,OK,
11361,Biogen Super 200mls,0.00,0.00,0,0,0.0,1.0,OK,
11362,Medium P.O.L Crate,27.00,27.00,15.5,15.5,0.0,0.0,OK,
11363,Chick Paper,0.50,0.50,0,0,0.0,0.0,OK,
11364,Penstrep Dawa LA,15.00,15.00,0,0,0.0,0.0,OK,
11365,Dehorning tool,30.00,30.00,15.5,15.5,0.0,0.0,OK,
11366,Easi seeds Tsunga 100g,8.00,8.00,15.5,15.5,0.0,0.0,OK,
11367,Easi Seeds Onion 100g,11.00,11.00,15.5,15.5,0.0,0.0,OK,
11368,Easi Seeds Butternut 50g,8.00,8.00,15.5,15.5,0.0,0.0,OK,
11369,Bupalex 100mls,15.00,15.00,15.5,15.5,0.0,0.0,OK,
11370,Respimint 1 L,0.00,0.00,0,0,0.0,0.0,OK,
11371,Kitchen Scale,10.00,10.00,15.5,15.5,0.0,0.0,OK,
11372,Electric bucket 20L,8.00,8.00,15.5,15.5,0.0,0.0,OK,
11373,Floral bucket 20L,4.00,4.00,15.5,15.5,0.0,0.0,OK,
11374,Airtime,1.00,1.00,15.5,15.5,0.0,0.0,OK,
11375,Slasher,7.00,7.00,0,0,0.0,0.0,OK,
11376,Led bulb 20W,1.50,1.50,15.5,15.5,0.0,1.0,OK,
11378,White bagged Maize,30.00,30.00,15.5,15.5,0.0,26209.0,OK,
11380,Multidip 1 litre,38.00,38.00,0,0,0.0,0.0,OK,
11381,MOLASSES /L,1.00,1.00,0,0,0.0,0.0,OK,
11382,Layers Mash 5kg,5.00,5.00,0,0,0.0,1.0,OK,
11383,Milk Replacer 25kg,125.00,125.00,0,0,0.0,0.0,OK,
11384,Chikafu starter maxi 6kg,12.00,12.00,0,0,0.0,0.0,OK,
10106,DDVP 200mls,5.00,5.00,0,0,0.0,0.0,OK,
10107,Dehorning Paste 100g,2.00,2.00,0,0,0.0,7.0,OK,
10108,Chick Tray (Small),2.50,2.50,15.5,15.5,0.0,0.0,OK,
10228,Pig Grower maxi 32kg,54.00,54.00,0,0,0.0,39.0,OK,
10229,Pig Grower maxi 8kg,15.00,15.00,0,0,0.0,0.0,OK,
10141,Bercol Fly Traps,4.00,4.00,15.5,15.5,0.0,0.0,OK,
10109,Digital scale,8.00,8.00,15.5,15.5,0.0,0.0,OK,
11242,Rodade plus 50g,8.00,8.00,15.5,15.5,0.0,0.0,OK,
